studio_id,game_id,game_name,game_type,session_id,player_id,session_start,session_end,duration_minutes,event_type,event_timestamp,device_type,region,client_version,level,score,kills,deaths,items_collected,match_outcome,retention_day1,retention_day7,monetized,in_game_currency_earned,in_game_currency_spent
Studio_5,SPG_2,SinglePlayerGame_2,singleplayer,7f281ec4-2043-4add-9d1d-1d002b1a8aef,player_23,2025-04-18T06:01:00.186886,2025-04-18T07:26:00.186886,85,level_complete,2025-04-18T06:52:00.186886,Console,AF,1.0,34.0,6290.0,,,29.0,,1,0,0,3493,1314
Studio_4,SPG_2,SinglePlayerGame_2,singleplayer,ca925eb2-7cd8-4991-97ed-f2b889936169,player_76,2025-04-13T22:01:00.186990,2025-04-13T23:19:00.186990,78,purchase,2025-04-13T22:57:00.186990,Mobile,EU,1.0,14.0,7480.0,,,31.0,,0,1,0,2866,148
Studio_2,SPG_4,SinglePlayerGame_4,singleplayer,b17f86eb-e7b5-4ef8-9099-17ae6731ee8e,player_79,2025-04-20T18:01:00.187054,2025-04-20T18:57:00.187054,56,login,2025-04-20T18:40:00.187054,Console,NA,1.1,19.0,3558.0,,,35.0,,0,1,1,670,4200
Studio_2,MPG_5,MultiPlayerGame_5,multiplayer,5ff3fc61-4c55-4c51-8993-6753d1dbe2d3,player_3,2025-04-01T00:01:00.187097,2025-04-01T00:22:00.187097,21,level_complete,2025-04-01T00:22:00.187097,Console,SA,1.1,,,9.0,19.0,,draw,0,0,1,978,3083
Studio_3,SPG_3,SinglePlayerGame_3,singleplayer,4768f321-8fe9-45bd-98c7-c0f1c1203476,player_44,2025-04-06T20:01:00.187291,2025-04-06T20:15:00.187291,14,login,2025-04-06T20:02:00.187291,PC,AS,1.2,4.0,9128.0,,,50.0,,1,0,1,3065,794
Studio_2,SPG_3,SinglePlayerGame_3,singleplayer,6a1c48b2-e050-43ac-af16-73820ca51ed5,player_57,2025-04-08T09:01:00.187374,2025-04-08T10:38:00.187374,97,purchase,2025-04-08T10:13:00.187374,PC,EU,1.2,20.0,7342.0,,,47.0,,1,0,1,3276,274
Studio_3,MPG_3,MultiPlayerGame_3,multiplayer,64a0c1d2-1385-4692-9372-488e8925a268,player_49,2025-04-08T23:01:00.187421,2025-04-09T00:05:00.187421,64,level_start,2025-04-08T23:53:00.187421,Console,AS,1.0,,,26.0,28.0,,loss,1,1,0,2210,2827
Studio_3,MPG_2,MultiPlayerGame_2,multiplayer,c455dfff-7a28-4fcf-b86c-ebc9cc1d3884,player_94,2025-04-28T13:01:00.187490,2025-04-28T13:27:00.187490,26,login,2025-04-28T13:06:00.187490,PC,AS,1.1,,,9.0,7.0,,loss,1,1,1,2988,905
Studio_3,SPG_3,SinglePlayerGame_3,singleplayer,8c758f2f-ef26-4161-9d72-c16a67d5220c,player_19,2025-04-28T23:01:00.187547,2025-04-28T23:38:00.187547,37,match_end,2025-04-28T23:05:00.187547,Console,NA,1.1,30.0,5434.0,,,30.0,,0,1,1,2222,1514
Studio_4,SPG_4,SinglePlayerGame_4,singleplayer,6e4c3cb6-7cac-4f8b-9766-5583dd5dc835,player_80,2025-04-09T18:01:00.187605,2025-04-09T18:17:00.187605,16,login,2025-04-09T18:17:00.187605,PC,AF,1.1,8.0,5025.0,,,25.0,,0,0,1,1182,890
Studio_2,MPG_5,MultiPlayerGame_5,multiplayer,86e72b7a-40d9-4b89-a8bb-be8f319cd93d,player_36,2025-04-02T22:01:00.187656,2025-04-02T23:44:00.187656,103,logout,2025-04-02T23:41:00.187656,Console,AF,1.2,,,14.0,5.0,,draw,1,0,0,282,3998
Studio_1,MPG_3,MultiPlayerGame_3,multiplayer,9771294f-1595-4a8d-a757-4a404132d46e,player_35,2025-04-08T10:01:00.187704,2025-04-08T11:18:00.187704,77,match_end,2025-04-08T10:47:00.187704,Console,AF,1.0,,,20.0,23.0,,draw,0,0,0,3529,972
Studio_5,SPG_3,SinglePlayerGame_3,singleplayer,4753dc23-99be-4ae7-9ab6-c2a2303a0726,player_84,2025-04-26T13:01:00.187775,2025-04-26T13:10:00.187775,9,logout,2025-04-26T13:04:00.187775,PC,AF,1.0,2.0,4745.0,,,37.0,,0,1,0,1022,2781
Studio_4,MPG_2,MultiPlayerGame_2,multiplayer,459f15d7-38b4-442a-ac04-bb03a7dfceaf,player_83,2025-04-05T05:01:00.187818,2025-04-05T05:42:00.187818,41,level_start,2025-04-05T05:31:00.187818,Mobile,NA,1.0,,,11.0,11.0,,draw,1,1,1,4385,2453
Studio_3,MPG_4,MultiPlayerGame_4,multiplayer,9d593eb2-a9c1-4595-91df-e0d3c22e69f3,player_75,2025-04-22T11:01:00.187855,2025-04-22T12:50:00.187855,109,purchase,2025-04-22T12:29:00.187855,Console,AF,1.1,,,8.0,0.0,,draw,1,0,1,3587,4212
Studio_3,MPG_4,MultiPlayerGame_4,multiplayer,be388e44-1a50-4842-9f57-964d437e952a,player_40,2025-04-28T20:01:00.187904,2025-04-28T21:00:00.187904,59,match_end,2025-04-28T20:23:00.187904,PC,EU,1.2,,,9.0,8.0,,loss,0,0,0,386,4966
Studio_2,SPG_4,SinglePlayerGame_4,singleplayer,a9133fd1-b049-460d-8216-9deb96c31dd4,player_66,2025-04-03T16:01:00.187959,2025-04-03T17:06:00.187959,65,logout,2025-04-03T16:37:00.187959,Console,EU,1.0,25.0,6172.0,,,24.0,,1,0,0,1686,4380
Studio_2,SPG_5,SinglePlayerGame_5,singleplayer,133bd2d6-54fb-44a8-9b51-0bfb90695393,player_56,2025-04-08T18:01:00.187998,2025-04-08T19:50:00.187998,109,purchase,2025-04-08T18:14:00.187998,PC,AF,1.0,48.0,6883.0,,,38.0,,1,1,0,938,4018
Studio_5,SPG_3,SinglePlayerGame_3,singleplayer,5cf456e1-6889-429d-83e5-56221cd4d9db,player_85,2025-04-30T04:01:00.188044,2025-04-30T05:23:00.188044,82,match_end,2025-04-30T04:35:00.188044,PC,EU,1.1,39.0,988.0,,,32.0,,0,1,0,2729,4773
Studio_3,SPG_4,SinglePlayerGame_4,singleplayer,3bfc520a-d39e-49fe-a8dd-a65f02b0fefc,player_92,2025-04-19T15:01:00.188105,2025-04-19T15:42:00.188105,41,match_end,2025-04-19T15:39:00.188105,Mobile,EU,1.2,29.0,3600.0,,,44.0,,1,1,1,4916,3821
Studio_5,MPG_2,MultiPlayerGame_2,multiplayer,2a8fe547-cfae-45c3-be47-a96a8ea33f3e,player_58,2025-04-01T08:01:00.188142,2025-04-01T09:52:00.188142,111,level_start,2025-04-01T09:06:00.188142,Console,NA,1.1,,,7.0,5.0,,loss,0,0,0,1991,372
Studio_2,MPG_2,MultiPlayerGame_2,multiplayer,59768273-239e-4c16-8d6f-dccc2065df59,player_67,2025-04-02T14:01:00.188178,2025-04-02T16:00:00.188178,119,match_start,2025-04-02T15:26:00.188178,PC,AS,1.0,,,26.0,1.0,,draw,1,0,1,2795,68
Studio_2,SPG_5,SinglePlayerGame_5,singleplayer,dab78e75-1ff3-48fc-88e4-fba789eb7ec6,player_71,2025-04-13T16:01:00.188222,2025-04-13T16:27:00.188222,26,match_start,2025-04-13T16:01:00.188222,Console,SA,1.0,49.0,9457.0,,,29.0,,1,1,0,2458,2752
Studio_4,MPG_4,MultiPlayerGame_4,multiplayer,9b23d1f3-c06c-43ba-8bba-7c170082572f,player_40,2025-04-21T16:01:00.188264,2025-04-21T17:16:00.188264,75,purchase,2025-04-21T17:14:00.188264,PC,AS,1.2,,,9.0,9.0,,draw,1,0,1,1903,2068
Studio_3,SPG_1,SinglePlayerGame_1,singleplayer,4c470d6c-9830-4916-a429-5335eedbb399,player_69,2025-04-30T07:01:00.188300,2025-04-30T08:49:00.188300,108,match_end,2025-04-30T08:38:00.188300,Mobile,EU,1.2,35.0,4656.0,,,40.0,,0,1,1,2206,1634
Studio_5,MPG_5,MultiPlayerGame_5,multiplayer,51385307-6564-497a-b8ad-77b5ee043366,player_82,2025-04-21T14:01:00.188341,2025-04-21T15:04:00.188341,63,match_start,2025-04-21T14:42:00.188341,Console,SA,1.2,,,8.0,26.0,,loss,0,1,1,1240,2969
Studio_3,SPG_2,SinglePlayerGame_2,singleplayer,bb9cb0eb-e1db-4cc5-82ea-d412b47fc63a,player_16,2025-04-15T06:01:00.188388,2025-04-15T06:07:00.188388,6,purchase,2025-04-15T06:01:00.188388,PC,EU,1.1,49.0,6986.0,,,21.0,,0,0,1,814,1510
Studio_1,MPG_1,MultiPlayerGame_1,multiplayer,d2921502-2294-4241-9f5b-cacf0e778341,player_81,2025-04-24T00:01:00.188425,2025-04-24T00:48:00.188425,47,level_start,2025-04-24T00:47:00.188425,PC,SA,1.2,,,21.0,28.0,,win,0,0,0,942,2800
Studio_3,MPG_3,MultiPlayerGame_3,multiplayer,c57e0454-fdf7-410c-827e-496f057354f4,player_18,2025-04-03T14:01:00.188464,2025-04-03T14:12:00.188464,11,level_complete,2025-04-03T14:11:00.188464,Console,EU,1.0,,,11.0,14.0,,draw,0,0,0,249,3090
Studio_2,SPG_5,SinglePlayerGame_5,singleplayer,1aaf1d08-89c9-4650-bfd5-68a853181fb0,player_25,2025-04-15T08:01:00.188502,2025-04-15T09:06:00.188502,65,logout,2025-04-15T08:41:00.188502,PC,NA,1.0,41.0,3801.0,,,48.0,,1,0,0,3696,2400
Studio_2,SPG_4,SinglePlayerGame_4,singleplayer,1cbeb78c-1d8c-4c4a-99f7-351e97e9a9d6,player_37,2025-04-02T06:01:00.188556,2025-04-02T06:22:00.188556,21,level_start,2025-04-02T06:10:00.188556,Console,SA,1.1,23.0,5976.0,,,0.0,,1,1,0,2594,4389
Studio_4,MPG_4,MultiPlayerGame_4,multiplayer,0f002f22-f6f5-4513-ba95-1c867bdaa9c6,player_78,2025-04-10T12:01:00.188609,2025-04-10T13:51:00.188609,110,level_complete,2025-04-10T12:45:00.188609,Console,SA,1.0,,,0.0,0.0,,loss,1,0,0,3429,3056
Studio_4,MPG_5,MultiPlayerGame_5,multiplayer,72cb044d-0493-4ea6-be36-206aa2d54439,player_99,2025-04-23T15:01:00.188659,2025-04-23T16:15:00.188659,74,purchase,2025-04-23T15:16:00.188659,Console,SA,1.2,,,11.0,18.0,,draw,0,0,0,4176,2836
Studio_2,MPG_3,MultiPlayerGame_3,multiplayer,8a074afb-6e0f-4d44-8285-4d6eb68f90eb,player_64,2025-04-02T04:01:00.188709,2025-04-02T04:19:00.188709,18,purchase,2025-04-02T04:11:00.188709,Console,SA,1.0,,,19.0,19.0,,win,1,1,0,3197,1062
Studio_5,SPG_1,SinglePlayerGame_1,singleplayer,fb09a2f6-33b5-4f0f-a6df-e33218a8752d,player_30,2025-04-06T17:01:00.188758,2025-04-06T17:43:00.188758,42,purchase,2025-04-06T17:08:00.188758,PC,AS,1.0,6.0,3756.0,,,0.0,,1,0,0,962,1649
Studio_4,MPG_5,MultiPlayerGame_5,multiplayer,ecffcb76-4f46-4339-a57b-aa444199eeb8,player_31,2025-04-12T21:01:00.188905,2025-04-12T21:25:00.188905,24,purchase,2025-04-12T21:20:00.188905,Console,AF,1.0,,,9.0,18.0,,win,0,1,1,4212,2058
Studio_4,SPG_4,SinglePlayerGame_4,singleplayer,79e94904-4995-4e3a-8a07-d82bb3df72d9,player_35,2025-04-18T15:01:00.189016,2025-04-18T16:57:00.189016,116,match_start,2025-04-18T15:05:00.189016,PC,NA,1.0,18.0,6594.0,,,4.0,,0,0,1,4743,3671
Studio_1,SPG_3,SinglePlayerGame_3,singleplayer,4290552a-3809-4f69-989d-926f91a47bb8,player_76,2025-04-30T13:01:00.189105,2025-04-30T14:27:00.189105,86,match_end,2025-04-30T13:27:00.189105,Mobile,EU,1.2,28.0,8968.0,,,41.0,,0,0,1,252,3209
Studio_1,SPG_2,SinglePlayerGame_2,singleplayer,77e0b959-c192-4abf-9135-32ceada1de5f,player_62,2025-04-17T13:01:00.189170,2025-04-17T14:42:00.189170,101,purchase,2025-04-17T13:18:00.189170,Console,NA,1.0,39.0,109.0,,,39.0,,1,0,1,1642,4331
Studio_1,SPG_3,SinglePlayerGame_3,singleplayer,242df50f-9a6d-4ee1-9957-4f484acf31d6,player_81,2025-04-16T15:01:00.189233,2025-04-16T16:21:00.189233,80,level_start,2025-04-16T15:42:00.189233,PC,AF,1.0,14.0,8526.0,,,40.0,,1,0,0,68,2744
Studio_1,SPG_4,SinglePlayerGame_4,singleplayer,1149493e-a0d5-4e42-8b55-24b34f574286,player_88,2025-04-14T00:01:00.189296,2025-04-14T01:18:00.189296,77,match_end,2025-04-14T00:52:00.189296,Console,AS,1.2,8.0,5943.0,,,34.0,,0,1,1,3106,2695
Studio_2,MPG_3,MultiPlayerGame_3,multiplayer,c5f3089b-5c43-4b94-ad3b-9c9c5432781b,player_43,2025-04-09T19:01:00.189355,2025-04-09T19:10:00.189355,9,logout,2025-04-09T19:10:00.189355,Console,SA,1.1,,,7.0,6.0,,win,1,0,0,205,3578
Studio_2,MPG_2,MultiPlayerGame_2,multiplayer,c7f882ad-338e-4129-b84c-1d602a559891,player_39,2025-04-12T18:01:00.189412,2025-04-12T19:20:00.189412,79,logout,2025-04-12T18:36:00.189412,PC,AS,1.0,,,29.0,10.0,,draw,1,1,1,2978,902
Studio_1,SPG_1,SinglePlayerGame_1,singleplayer,b62cf5a8-69bd-4bc4-9301-bff21e23a785,player_84,2025-04-18T11:01:00.189482,2025-04-18T11:52:00.189482,51,logout,2025-04-18T11:38:00.189482,Console,NA,1.1,22.0,9605.0,,,25.0,,0,1,0,1568,1886
Studio_2,SPG_5,SinglePlayerGame_5,singleplayer,d6f0635b-cdbd-47c7-82f3-a1399b37362c,player_25,2025-04-08T12:01:00.189546,2025-04-08T13:24:00.189546,83,purchase,2025-04-08T13:13:00.189546,PC,SA,1.2,44.0,1404.0,,,30.0,,0,1,1,4984,4388
Studio_1,SPG_5,SinglePlayerGame_5,singleplayer,c7a57742-3f92-46a5-b8a8-c101f28af371,player_94,2025-04-26T22:01:00.189684,2025-04-26T22:21:00.189684,20,level_start,2025-04-26T22:13:00.189684,PC,SA,1.2,1.0,8006.0,,,23.0,,1,0,1,486,1969
Studio_4,SPG_2,SinglePlayerGame_2,singleplayer,f92f0b6f-5785-4f71-8b46-774915340bc2,player_12,2025-04-05T23:01:00.189750,2025-04-05T23:42:00.189750,41,login,2025-04-05T23:16:00.189750,PC,SA,1.2,35.0,1460.0,,,37.0,,1,1,0,4381,2014
Studio_4,MPG_2,MultiPlayerGame_2,multiplayer,437a021f-bf02-4af9-a811-731753d436dd,player_64,2025-04-28T03:01:00.189806,2025-04-28T04:45:00.189806,104,match_end,2025-04-28T04:31:00.189806,Console,SA,1.2,,,13.0,21.0,,draw,0,1,0,861,3676
Studio_5,MPG_2,MultiPlayerGame_2,multiplayer,f80e096f-156e-421b-99c5-de4e732a8bea,player_55,2025-04-24T06:01:00.189861,2025-04-24T06:25:00.189861,24,logout,2025-04-24T06:24:00.189861,Console,EU,1.2,,,4.0,4.0,,loss,1,1,1,828,4039
Studio_1,SPG_5,SinglePlayerGame_5,singleplayer,7ece61c3-349b-466d-8728-aae8d0c9eb01,player_68,2025-04-19T06:01:00.189926,2025-04-19T06:13:00.189926,12,match_start,2025-04-19T06:13:00.189926,Mobile,SA,1.2,39.0,8018.0,,,49.0,,1,0,1,3635,3357
Studio_3,MPG_1,MultiPlayerGame_1,multiplayer,1e5a5bd5-5867-443e-8859-69255bd58253,player_82,2025-04-30T19:01:00.189979,2025-04-30T20:12:00.189979,71,purchase,2025-04-30T19:09:00.189979,Console,NA,1.1,,,1.0,14.0,,loss,0,1,1,3136,1618
Studio_3,MPG_3,MultiPlayerGame_3,multiplayer,b9ea8fff-8df9-479c-8237-3ddc79e2d09a,player_42,2025-04-25T07:01:00.190018,2025-04-25T08:01:00.190018,60,match_start,2025-04-25T08:01:00.190018,Console,EU,1.0,,,24.0,4.0,,win,1,0,0,2734,1541
Studio_5,SPG_5,SinglePlayerGame_5,singleplayer,1fc87a1f-5be3-4988-839f-ac7698a8ac5e,player_93,2025-04-27T18:01:00.190065,2025-04-27T18:59:00.190065,58,level_start,2025-04-27T18:08:00.190065,PC,EU,1.1,1.0,3784.0,,,2.0,,1,0,0,2953,891
Studio_4,SPG_3,SinglePlayerGame_3,singleplayer,4ab26c67-8c07-44d9-8ba8-f163c9abdbc2,player_100,2025-04-24T04:01:00.190118,2025-04-24T04:58:00.190118,57,level_complete,2025-04-24T04:23:00.190118,Console,SA,1.2,48.0,7077.0,,,47.0,,1,0,1,634,2969
Studio_4,SPG_3,SinglePlayerGame_3,singleplayer,69719171-acf3-4977-ba49-1912f629ada0,player_60,2025-04-11T23:01:00.190157,2025-04-12T00:31:00.190157,90,level_start,2025-04-12T00:16:00.190157,Mobile,AF,1.0,25.0,2779.0,,,35.0,,1,0,1,4219,531
Studio_1,MPG_1,MultiPlayerGame_1,multiplayer,211d97da-f81a-4a7c-bab8-e90d91317395,player_8,2025-04-03T21:01:00.190211,2025-04-03T21:26:00.190211,25,purchase,2025-04-03T21:12:00.190211,PC,AF,1.2,,,26.0,11.0,,win,1,0,1,1341,4156
Studio_2,MPG_5,MultiPlayerGame_5,multiplayer,6e0d6df4-4ff7-42f9-80cd-9750979e9144,player_82,2025-04-25T03:01:00.190260,2025-04-25T04:06:00.190260,65,logout,2025-04-25T03:59:00.190260,Mobile,AF,1.2,,,10.0,5.0,,loss,1,1,0,4267,2606
Studio_1,MPG_4,MultiPlayerGame_4,multiplayer,739c3100-5ff0-4610-9580-b256d38b35b2,player_76,2025-04-13T06:01:00.190300,2025-04-13T07:42:00.190300,101,purchase,2025-04-13T06:54:00.190300,Mobile,AF,1.1,,,4.0,17.0,,win,0,1,1,4994,443
Studio_2,MPG_1,MultiPlayerGame_1,multiplayer,9fa1a8d0-6f1d-4ef9-80c6-f3738501da47,player_86,2025-04-22T01:01:00.190339,2025-04-22T01:39:00.190339,38,level_complete,2025-04-22T01:32:00.190339,PC,AF,1.0,,,20.0,29.0,,loss,1,0,1,1085,4112
Studio_3,MPG_1,MultiPlayerGame_1,multiplayer,c9a39de6-0561-48b2-9fb1-7e0010feacb2,player_18,2025-04-13T02:01:00.190380,2025-04-13T03:38:00.190380,97,login,2025-04-13T03:31:00.190380,Console,AS,1.2,,,25.0,25.0,,draw,1,0,0,1644,1621
Studio_4,SPG_3,SinglePlayerGame_3,singleplayer,f4b409c8-f124-4eb9-a013-feb2e9d62e12,player_78,2025-04-07T12:01:00.190442,2025-04-07T14:00:00.190442,119,login,2025-04-07T13:12:00.190442,Mobile,AS,1.1,47.0,5131.0,,,8.0,,0,1,1,163,796
Studio_2,MPG_3,MultiPlayerGame_3,multiplayer,4b986d95-5f20-42b3-aae7-0e1e12fce414,player_13,2025-04-18T14:01:00.190482,2025-04-18T15:05:00.190482,64,level_start,2025-04-18T14:50:00.190482,Mobile,EU,1.0,,,3.0,7.0,,loss,0,1,1,483,4886
Studio_3,SPG_1,SinglePlayerGame_1,singleplayer,9ff2b239-4605-46b3-95ce-d015af9c4e49,player_88,2025-04-03T20:01:00.190534,2025-04-03T21:30:00.190534,89,level_complete,2025-04-03T21:06:00.190534,Mobile,NA,1.0,9.0,7187.0,,,46.0,,1,0,1,2378,1830
Studio_4,MPG_3,MultiPlayerGame_3,multiplayer,92e02052-8af1-4df2-b5b1-1cf8e59797e7,player_88,2025-04-22T06:01:00.190573,2025-04-22T06:30:00.190573,29,match_end,2025-04-22T06:27:00.190573,PC,AS,1.0,,,3.0,20.0,,win,1,1,0,136,3930
Studio_1,SPG_1,SinglePlayerGame_1,singleplayer,498e9b1c-00f3-4020-aa02-a12c1aa25620,player_99,2025-04-08T20:01:00.190623,2025-04-08T21:49:00.190623,108,login,2025-04-08T20:49:00.190623,Mobile,NA,1.1,30.0,4212.0,,,12.0,,1,1,0,4045,4539
Studio_2,MPG_4,MultiPlayerGame_4,multiplayer,7421ad0e-f739-4c13-9bde-ee7ce381f9fe,player_16,2025-04-10T16:01:00.190667,2025-04-10T17:06:00.190667,65,level_complete,2025-04-10T16:55:00.190667,Mobile,NA,1.1,,,19.0,27.0,,draw,0,0,0,1784,3911
Studio_4,MPG_3,MultiPlayerGame_3,multiplayer,b9586ac0-74c2-4ff6-ae5a-dc8660ff24da,player_21,2025-04-10T12:01:00.190719,2025-04-10T13:17:00.190719,76,level_start,2025-04-10T12:24:00.190719,PC,AS,1.2,,,1.0,19.0,,loss,0,1,0,2606,1150
Studio_1,SPG_4,SinglePlayerGame_4,singleplayer,c54f2066-7c46-4bc4-a717-e1ce0c75b54e,player_81,2025-04-04T02:01:00.190772,2025-04-04T03:09:00.190772,68,purchase,2025-04-04T02:32:00.190772,Console,SA,1.0,8.0,2632.0,,,29.0,,1,1,1,4893,1809
Studio_4,MPG_3,MultiPlayerGame_3,multiplayer,10e5ba80-6a70-4634-82f3-741233aba3c3,player_39,2025-04-26T00:01:00.190821,2025-04-26T00:41:00.190821,40,purchase,2025-04-26T00:01:00.190821,Mobile,NA,1.0,,,17.0,7.0,,draw,1,1,0,1838,4079
Studio_5,SPG_2,SinglePlayerGame_2,singleplayer,91bd712a-8311-4dc1-92b3-1e5b9f742b45,player_46,2025-04-13T07:01:00.190870,2025-04-13T07:35:00.190870,34,login,2025-04-13T07:17:00.190870,Mobile,NA,1.1,14.0,3270.0,,,9.0,,1,1,0,2876,1744
Studio_4,MPG_3,MultiPlayerGame_3,multiplayer,d2f4b6d4-4f2f-4469-b52b-2a80bf1607ae,player_7,2025-04-04T14:01:00.190918,2025-04-04T15:58:00.190918,117,level_start,2025-04-04T15:00:00.190918,Console,SA,1.0,,,21.0,5.0,,draw,0,1,0,1634,3348
Studio_5,MPG_4,MultiPlayerGame_4,multiplayer,07de7f43-84ac-40c0-a8bb-5c96fa1bc170,player_18,2025-04-26T08:01:00.191059,2025-04-26T09:58:00.191059,117,level_complete,2025-04-26T08:23:00.191059,PC,NA,1.0,,,13.0,14.0,,loss,0,1,1,4447,4957
Studio_2,MPG_4,MultiPlayerGame_4,multiplayer,e367f656-62dd-4cf3-a3fa-d63ade5879fc,player_84,2025-04-08T19:01:00.191137,2025-04-08T19:45:00.191137,44,match_end,2025-04-08T19:36:00.191137,Mobile,EU,1.1,,,28.0,24.0,,draw,1,0,1,544,4893
Studio_5,SPG_2,SinglePlayerGame_2,singleplayer,716ba507-a8c6-432d-bb40-33ddacec3e86,player_88,2025-04-15T02:01:00.191325,2025-04-15T02:49:00.191325,48,login,2025-04-15T02:35:00.191325,PC,AS,1.2,38.0,8630.0,,,50.0,,1,1,1,4283,780
Studio_1,MPG_4,MultiPlayerGame_4,multiplayer,0434cb32-67f7-450c-9f27-740992291c8e,player_36,2025-04-26T17:01:00.191386,2025-04-26T18:41:00.191386,100,logout,2025-04-26T17:10:00.191386,PC,NA,1.0,,,24.0,17.0,,loss,1,1,0,2623,2721
Studio_3,SPG_5,SinglePlayerGame_5,singleplayer,1f3000bc-583f-49be-bcab-c47b740aa02a,player_56,2025-04-04T01:01:00.191426,2025-04-04T03:00:00.191426,119,level_start,2025-04-04T01:37:00.191426,PC,AF,1.1,48.0,2248.0,,,29.0,,0,0,0,582,3732
Studio_2,SPG_4,SinglePlayerGame_4,singleplayer,2678df16-c83d-4696-ac5f-ee37cd3311ad,player_98,2025-04-25T23:01:00.191467,2025-04-25T23:44:00.191467,43,match_start,2025-04-25T23:14:00.191467,Console,SA,1.1,20.0,4978.0,,,29.0,,0,0,1,2340,967
Studio_1,SPG_1,SinglePlayerGame_1,singleplayer,061bc96c-e7b3-4abc-86fa-dd970cf7af95,player_58,2025-04-23T08:01:00.191504,2025-04-23T09:19:00.191504,78,purchase,2025-04-23T08:10:00.191504,PC,NA,1.1,48.0,1292.0,,,21.0,,1,0,1,2561,2308
Studio_2,SPG_1,SinglePlayerGame_1,singleplayer,b7af3f1e-f775-467e-ac57-5f2c8ff755e0,player_70,2025-04-14T03:01:00.191547,2025-04-14T03:11:00.191547,10,login,2025-04-14T03:02:00.191547,Console,EU,1.1,40.0,159.0,,,8.0,,0,1,1,4375,3948
Studio_2,SPG_4,SinglePlayerGame_4,singleplayer,14be72ab-08ed-4fba-aefd-d37091d6499e,player_85,2025-04-29T18:01:00.191595,2025-04-29T19:25:00.191595,84,login,2025-04-29T18:16:00.191595,Console,EU,1.1,44.0,8687.0,,,16.0,,0,0,0,4354,1266
Studio_3,MPG_5,MultiPlayerGame_5,multiplayer,98b233ef-abf2-4362-85db-760e9e1086bf,player_20,2025-04-17T15:01:00.191634,2025-04-17T15:33:00.191634,32,purchase,2025-04-17T15:07:00.191634,Mobile,AS,1.1,,,22.0,26.0,,draw,1,1,0,4726,2978
Studio_5,SPG_5,SinglePlayerGame_5,singleplayer,933f54f1-9654-4220-a078-2346843162ad,player_21,2025-04-26T14:01:00.191677,2025-04-26T15:43:00.191677,102,level_start,2025-04-26T14:07:00.191677,Console,AF,1.1,31.0,7452.0,,,22.0,,1,1,0,1524,1681
Studio_5,MPG_2,MultiPlayerGame_2,multiplayer,ce3fc0ca-b448-41a4-b2d9-e73ac719d35d,player_84,2025-04-21T18:01:00.191852,2025-04-21T18:07:00.191852,6,match_start,2025-04-21T18:06:00.191852,Console,AF,1.0,,,25.0,10.0,,loss,0,1,1,980,462
Studio_2,MPG_3,MultiPlayerGame_3,multiplayer,47470ddc-19ef-43d4-832c-66b9af7771ff,player_89,2025-04-26T20:01:00.192148,2025-04-26T20:32:00.192148,31,match_end,2025-04-26T20:09:00.192148,PC,AS,1.2,,,24.0,12.0,,draw,1,1,1,2967,2729
Studio_3,SPG_2,SinglePlayerGame_2,singleplayer,ba4cd560-f781-4a65-8b50-ff660d40dcd1,player_48,2025-04-13T08:01:00.192232,2025-04-13T08:29:00.192232,28,level_start,2025-04-13T08:29:00.192232,Mobile,AF,1.0,37.0,8091.0,,,48.0,,0,1,1,4677,1726
Studio_2,SPG_3,SinglePlayerGame_3,singleplayer,dfcbcafc-d703-4a11-939c-39122e4df235,player_13,2025-04-23T22:01:00.192273,2025-04-23T23:46:00.192273,105,purchase,2025-04-23T23:28:00.192273,PC,AS,1.0,20.0,8559.0,,,47.0,,0,0,1,3013,864
Studio_4,SPG_1,SinglePlayerGame_1,singleplayer,f137c192-bc8d-47cc-9f51-512b697ddf6d,player_85,2025-04-03T05:01:00.192330,2025-04-03T06:14:00.192330,73,match_start,2025-04-03T05:44:00.192330,PC,AF,1.2,3.0,4021.0,,,33.0,,0,0,0,3069,1841
Studio_3,MPG_5,MultiPlayerGame_5,multiplayer,1af497a9-4dc8-47df-9960-02cb83929690,player_13,2025-04-14T16:01:00.192414,2025-04-14T16:56:00.192414,55,logout,2025-04-14T16:26:00.192414,Mobile,AS,1.1,,,15.0,25.0,,win,1,0,1,3694,353
Studio_3,SPG_4,SinglePlayerGame_4,singleplayer,bce75541-f06d-474a-aa02-f7afb6fa12ae,player_75,2025-04-10T16:01:00.192466,2025-04-10T17:52:00.192466,111,logout,2025-04-10T16:55:00.192466,Mobile,EU,1.1,4.0,5402.0,,,13.0,,0,0,1,957,4123
Studio_3,SPG_1,SinglePlayerGame_1,singleplayer,461a5314-e3c6-441e-b6e3-5af5309db4f2,player_54,2025-04-06T01:01:00.192507,2025-04-06T01:11:00.192507,10,level_start,2025-04-06T01:10:00.192507,Console,EU,1.2,43.0,9439.0,,,43.0,,1,1,0,2783,338
Studio_1,MPG_3,MultiPlayerGame_3,multiplayer,a0982fcf-311f-4d78-b21b-c48002194d2b,player_60,2025-04-04T10:01:00.192556,2025-04-04T11:06:00.192556,65,match_start,2025-04-04T10:25:00.192556,Console,AF,1.1,,,14.0,11.0,,win,1,1,0,234,4553
Studio_2,SPG_5,SinglePlayerGame_5,singleplayer,046231dd-1b46-4907-a145-00d8a4ecabab,player_74,2025-04-27T23:01:00.192603,2025-04-27T23:10:00.192603,9,logout,2025-04-27T23:08:00.192603,PC,AS,1.1,39.0,7193.0,,,32.0,,1,0,0,1596,1361
Studio_2,MPG_4,MultiPlayerGame_4,multiplayer,6989d29f-549a-452b-af54-1b8e3d9e3baa,player_58,2025-04-19T04:01:00.192640,2025-04-19T04:41:00.192640,40,level_start,2025-04-19T04:05:00.192640,Mobile,AF,1.0,,,10.0,15.0,,loss,1,1,1,3330,3604
Studio_1,SPG_3,SinglePlayerGame_3,singleplayer,bb54b1dd-1f00-4f15-b1bb-2dc521a12e3d,player_79,2025-04-10T03:01:00.192681,2025-04-10T04:15:00.192681,74,purchase,2025-04-10T04:00:00.192681,Console,SA,1.0,17.0,2357.0,,,44.0,,1,0,1,4738,849
Studio_1,MPG_4,MultiPlayerGame_4,multiplayer,6636a10c-5800-4c9d-85fd-a11dc1d193ce,player_10,2025-04-11T10:01:00.192724,2025-04-11T11:06:00.192724,65,login,2025-04-11T10:55:00.192724,PC,AS,1.2,,,9.0,2.0,,win,0,1,0,523,4824
Studio_1,MPG_2,MultiPlayerGame_2,multiplayer,c12aaef2-15bb-4427-b8d9-e1abe8196814,player_90,2025-04-15T08:01:00.192766,2025-04-15T08:41:00.192766,40,purchase,2025-04-15T08:04:00.192766,Console,NA,1.0,,,19.0,7.0,,win,1,0,1,4353,2820
Studio_1,MPG_3,MultiPlayerGame_3,multiplayer,0c70deff-0d72-4604-bde0-1712b3ded337,player_74,2025-04-09T19:01:00.192878,2025-04-09T19:19:00.192878,18,login,2025-04-09T19:01:00.192878,Console,EU,1.1,,,22.0,21.0,,loss,1,1,0,2290,2202
Studio_4,MPG_3,MultiPlayerGame_3,multiplayer,d7cbf3bb-693f-4b18-a3c5-75e09876860c,player_50,2025-04-11T11:01:00.192985,2025-04-11T12:47:00.192985,106,match_start,2025-04-11T12:35:00.192985,Console,NA,1.0,,,26.0,28.0,,loss,0,0,0,4941,1705
Studio_4,MPG_4,MultiPlayerGame_4,multiplayer,e48c7ccc-c841-455e-a2ef-5f983e8200f8,player_79,2025-04-17T05:01:00.193104,2025-04-17T06:06:00.193104,65,logout,2025-04-17T05:06:00.193104,Console,AF,1.0,,,19.0,26.0,,loss,0,1,0,2120,112
Studio_5,SPG_5,SinglePlayerGame_5,singleplayer,dd46fa3d-f13f-413b-a2ac-92bb7a708282,player_56,2025-03-31T22:01:00.193207,2025-03-31T23:55:00.193207,114,logout,2025-03-31T22:06:00.193207,Console,SA,1.0,30.0,7896.0,,,20.0,,1,1,0,2230,1115
Studio_1,MPG_1,MultiPlayerGame_1,multiplayer,d40c8688-76f4-4c55-a2e2-82ea13f23185,player_32,2025-04-09T07:01:00.193256,2025-04-09T08:14:00.193256,73,purchase,2025-04-09T08:09:00.193256,Console,AF,1.0,,,23.0,12.0,,win,1,0,0,3453,4857
Studio_2,MPG_5,MultiPlayerGame_5,multiplayer,779aa800-c0ba-43a7-9aa1-18bccee130d0,player_6,2025-04-16T23:01:00.193300,2025-04-16T23:43:00.193300,42,level_start,2025-04-16T23:05:00.193300,Mobile,AF,1.0,,,17.0,21.0,,win,1,0,1,2024,49
Studio_3,MPG_1,MultiPlayerGame_1,multiplayer,2204c5e4-7e57-4d17-97cd-9ea57be4219e,player_100,2025-04-22T11:01:00.193338,2025-04-22T12:07:00.193338,66,purchase,2025-04-22T11:49:00.193338,Mobile,EU,1.1,,,18.0,2.0,,loss,1,1,0,371,1985
Studio_4,MPG_5,MultiPlayerGame_5,multiplayer,b5722f20-555f-4f3c-a5f3-7a5d05b9ed18,player_78,2025-04-14T11:01:00.193381,2025-04-14T11:54:00.193381,53,login,2025-04-14T11:10:00.193381,Mobile,AS,1.1,,,28.0,21.0,,win,0,1,0,550,2975
Studio_3,MPG_2,MultiPlayerGame_2,multiplayer,0860cc88-5d6f-4f61-9f51-3be75c8d329e,player_22,2025-04-14T10:01:00.193419,2025-04-14T12:01:00.193419,120,level_complete,2025-04-14T10:35:00.193419,Console,AF,1.2,,,0.0,7.0,,draw,1,0,1,3249,1718
Studio_1,SPG_3,SinglePlayerGame_3,singleplayer,7a127589-f088-4a42-8270-5ce45b993f6c,player_10,2025-04-30T20:01:00.193479,2025-04-30T20:34:00.193479,33,purchase,2025-04-30T20:20:00.193479,Mobile,EU,1.1,14.0,9188.0,,,1.0,,1,0,1,4008,3917
Studio_5,SPG_1,SinglePlayerGame_1,singleplayer,cd7686be-0246-4645-a765-cb9cb1354537,player_64,2025-04-23T05:01:00.193537,2025-04-23T06:11:00.193537,70,match_start,2025-04-23T05:17:00.193537,Console,SA,1.0,45.0,9531.0,,,8.0,,0,1,0,4318,2375
Studio_2,SPG_1,SinglePlayerGame_1,singleplayer,aebaa93e-2eaa-452e-a38e-58fe85b79560,player_25,2025-04-10T14:01:00.193576,2025-04-10T14:07:00.193576,6,purchase,2025-04-10T14:01:00.193576,Console,AS,1.2,29.0,9175.0,,,10.0,,1,1,1,2521,1495
Studio_5,SPG_5,SinglePlayerGame_5,singleplayer,12f59d31-62bb-4cd1-ae3f-e3bd3bb6167f,player_60,2025-04-16T11:01:00.193647,2025-04-16T12:16:00.193647,75,purchase,2025-04-16T12:03:00.193647,Console,EU,1.1,49.0,9728.0,,,45.0,,0,0,1,4341,3418
Studio_2,MPG_4,MultiPlayerGame_4,multiplayer,5d6c7ccb-ed0b-4093-9c19-bf7cf540b97c,player_7,2025-04-07T01:01:00.193686,2025-04-07T02:49:00.193686,108,level_start,2025-04-07T02:35:00.193686,PC,AS,1.0,,,0.0,15.0,,loss,1,0,0,1203,3606
Studio_1,MPG_1,MultiPlayerGame_1,multiplayer,0176e243-0e06-4457-9a2a-5b4fbff75295,player_39,2025-04-30T06:01:00.193732,2025-04-30T08:00:00.193732,119,login,2025-04-30T06:05:00.193732,Mobile,AF,1.1,,,13.0,6.0,,win,0,1,0,66,1855
Studio_3,SPG_5,SinglePlayerGame_5,singleplayer,76446dd3-4a85-4bf2-96fd-3a741cb28358,player_83,2025-04-23T08:01:00.193771,2025-04-23T09:14:00.193771,73,login,2025-04-23T08:13:00.193771,Mobile,AF,1.2,21.0,1065.0,,,22.0,,1,1,0,2007,1030
Studio_5,SPG_1,SinglePlayerGame_1,singleplayer,735c838a-847c-4ed0-9580-9e22bd9a15e1,player_68,2025-04-12T04:01:00.193804,2025-04-12T04:32:00.193804,31,logout,2025-04-12T04:12:00.193804,Console,EU,1.1,30.0,3897.0,,,35.0,,0,1,1,455,4589
Studio_1,MPG_4,MultiPlayerGame_4,multiplayer,b3c589d2-8dda-4bee-b9e6-7291beeb090d,player_15,2025-04-21T17:01:00.193873,2025-04-21T19:00:00.193873,119,purchase,2025-04-21T17:27:00.193873,PC,NA,1.1,,,1.0,1.0,,win,0,1,0,1050,1212
Studio_5,MPG_5,MultiPlayerGame_5,multiplayer,5cb4b348-9094-4d8f-a2b4-d4fe48355a97,player_47,2025-04-14T10:01:00.193912,2025-04-14T10:47:00.193912,46,login,2025-04-14T10:45:00.193912,Console,SA,1.1,,,14.0,11.0,,win,1,1,0,2928,4614
Studio_4,MPG_1,MultiPlayerGame_1,multiplayer,125735d3-c990-461c-92d8-7a5fcb534f39,player_16,2025-04-25T08:01:00.193948,2025-04-25T08:17:00.193948,16,logout,2025-04-25T08:04:00.193948,Console,SA,1.0,,,17.0,8.0,,draw,1,0,0,3926,2171
Studio_2,MPG_3,MultiPlayerGame_3,multiplayer,7364c378-2da2-4779-a1c9-a4f7bd5c2e8d,player_50,2025-04-24T19:01:00.194003,2025-04-24T19:20:00.194003,19,match_start,2025-04-24T19:11:00.194003,Mobile,SA,1.0,,,30.0,4.0,,win,1,0,1,1033,665
Studio_2,MPG_4,MultiPlayerGame_4,multiplayer,43d5d82a-29f4-43ff-8aa7-03e8392c1933,player_92,2025-04-15T14:01:00.194040,2025-04-15T15:34:00.194040,93,purchase,2025-04-15T15:22:00.194040,Mobile,AF,1.0,,,7.0,21.0,,win,1,1,1,82,2354
Studio_1,SPG_5,SinglePlayerGame_5,singleplayer,023e2eb6-11ae-4942-ae37-b8389c030831,player_59,2025-04-13T07:01:00.194078,2025-04-13T08:56:00.194078,115,match_end,2025-04-13T07:38:00.194078,PC,EU,1.1,32.0,2163.0,,,10.0,,1,0,1,3799,1565
Studio_5,SPG_3,SinglePlayerGame_3,singleplayer,c2775a2e-bb44-4b4b-82b0-89e14df32aa1,player_26,2025-04-12T18:01:00.194122,2025-04-12T19:34:00.194122,93,login,2025-04-12T19:00:00.194122,Console,AS,1.1,5.0,7027.0,,,0.0,,1,1,0,314,3721
Studio_1,MPG_2,MultiPlayerGame_2,multiplayer,59a1853f-2e9d-42fc-b490-591308ca7944,player_1,2025-04-05T05:01:00.194158,2025-04-05T05:48:00.194158,47,level_complete,2025-04-05T05:04:00.194158,PC,AF,1.0,,,25.0,3.0,,loss,1,0,0,1658,1802
Studio_3,SPG_3,SinglePlayerGame_3,singleplayer,a1545184-3835-443f-a33c-1f9c7299e928,player_92,2025-04-23T23:01:00.194194,2025-04-24T00:36:00.194194,95,logout,2025-04-23T23:35:00.194194,PC,EU,1.0,27.0,6239.0,,,32.0,,0,1,1,3074,386
Studio_1,MPG_1,MultiPlayerGame_1,multiplayer,7abcaf0f-61bb-4e10-ad2c-727abd3d7987,player_83,2025-04-17T10:01:00.194253,2025-04-17T10:13:00.194253,12,level_start,2025-04-17T10:03:00.194253,Mobile,SA,1.2,,,14.0,27.0,,draw,1,1,1,4604,229
Studio_4,MPG_1,MultiPlayerGame_1,multiplayer,b5e41544-8afa-478b-ad20-63badb32546e,player_56,2025-04-08T10:01:00.194310,2025-04-08T11:59:00.194310,118,login,2025-04-08T11:23:00.194310,Mobile,AS,1.0,,,1.0,10.0,,draw,1,0,0,3634,1012
Studio_4,MPG_5,MultiPlayerGame_5,multiplayer,e940c52c-4042-4b69-8e5f-5bc9391be778,player_100,2025-04-16T08:01:00.194353,2025-04-16T09:14:00.194353,73,login,2025-04-16T08:35:00.194353,Console,AF,1.1,,,4.0,6.0,,draw,0,0,1,2624,2114
Studio_3,SPG_2,SinglePlayerGame_2,singleplayer,62ff2178-7de9-404a-8959-baa03e09ddca,player_100,2025-04-28T20:01:00.194389,2025-04-28T21:43:00.194389,102,logout,2025-04-28T21:05:00.194389,Console,NA,1.2,50.0,7962.0,,,29.0,,1,1,1,3329,2047
Studio_5,SPG_3,SinglePlayerGame_3,singleplayer,29c1cd6e-d06a-4b88-81a9-f0bb52add75b,player_71,2025-04-08T23:01:00.194438,2025-04-08T23:42:00.194438,41,match_start,2025-04-08T23:33:00.194438,PC,AS,1.0,25.0,7296.0,,,35.0,,0,0,1,939,4810
Studio_2,MPG_4,MultiPlayerGame_4,multiplayer,1f621395-53f0-4cee-a5ae-628fe6f6ca85,player_67,2025-04-10T02:01:00.194479,2025-04-10T03:59:00.194479,118,login,2025-04-10T02:35:00.194479,Mobile,SA,1.2,,,4.0,14.0,,loss,1,0,1,2344,1818
Studio_2,MPG_5,MultiPlayerGame_5,multiplayer,41ba412c-09d7-4eb3-9c70-f11999c0ed8c,player_25,2025-04-30T11:01:00.194516,2025-04-30T12:58:00.194516,117,purchase,2025-04-30T11:07:00.194516,PC,SA,1.2,,,19.0,3.0,,loss,0,1,0,1946,4816
Studio_1,SPG_1,SinglePlayerGame_1,singleplayer,8a07b2ed-9c5a-41f3-a6fe-d79667d22137,player_22,2025-04-23T17:01:00.194579,2025-04-23T17:35:00.194579,34,logout,2025-04-23T17:24:00.194579,Mobile,AF,1.1,38.0,8354.0,,,6.0,,1,0,0,2831,399
Studio_3,SPG_1,SinglePlayerGame_1,singleplayer,ab90c4ff-3f12-4c5f-a7ec-b3aff5f32d1c,player_22,2025-04-08T13:01:00.194646,2025-04-08T13:52:00.194646,51,match_end,2025-04-08T13:14:00.194646,PC,NA,1.0,42.0,1904.0,,,23.0,,1,1,0,1846,2297
Studio_3,SPG_2,SinglePlayerGame_2,singleplayer,e038765f-bd96-4b02-80e7-44c82a0272a4,player_98,2025-04-17T22:01:00.194687,2025-04-17T23:02:00.194687,61,login,2025-04-17T22:14:00.194687,Console,EU,1.2,4.0,1396.0,,,35.0,,1,0,1,82,2868
Studio_5,SPG_3,SinglePlayerGame_3,singleplayer,3d7e4fee-5e84-48c2-9821-eec4983250f4,player_1,2025-04-28T05:01:00.194724,2025-04-28T05:21:00.194724,20,login,2025-04-28T05:20:00.194724,Console,NA,1.1,23.0,5643.0,,,26.0,,1,1,1,570,4872
Studio_4,SPG_1,SinglePlayerGame_1,singleplayer,fa23ae7e-7e8f-4a30-87e2-7fbb9a69b2d2,player_4,2025-04-13T08:01:00.194767,2025-04-13T08:06:00.194767,5,login,2025-04-13T08:04:00.194767,PC,SA,1.0,15.0,5394.0,,,12.0,,0,1,1,2522,4536
Studio_3,MPG_2,MultiPlayerGame_2,multiplayer,6f9aaaab-fc8f-486a-8f1d-ab40eb5e9ef1,player_67,2025-04-13T07:01:00.194817,2025-04-13T08:58:00.194817,117,level_start,2025-04-13T08:54:00.194817,Mobile,SA,1.1,,,11.0,10.0,,loss,1,0,0,4853,1169
Studio_4,SPG_5,SinglePlayerGame_5,singleplayer,8823b2d5-0a17-4255-ba4d-6d3764fba95a,player_89,2025-04-22T10:01:00.194864,2025-04-22T11:56:00.194864,115,level_start,2025-04-22T11:33:00.194864,PC,EU,1.0,32.0,2958.0,,,25.0,,0,0,0,3596,1441
Studio_5,SPG_3,SinglePlayerGame_3,singleplayer,10e8541f-0ba1-4733-968d-1cf2dd57663d,player_53,2025-04-22T00:01:00.194915,2025-04-22T00:57:00.194915,56,match_start,2025-04-22T00:56:00.194915,Mobile,EU,1.1,29.0,7257.0,,,9.0,,1,1,1,4854,4793
Studio_1,MPG_4,MultiPlayerGame_4,multiplayer,81a8b228-47ba-4be5-8613-90bc37a9797f,player_11,2025-04-15T18:01:00.194972,2025-04-15T18:07:00.194972,6,purchase,2025-04-15T18:06:00.194972,Console,NA,1.0,,,3.0,4.0,,win,1,0,0,4023,889
Studio_3,SPG_1,SinglePlayerGame_1,singleplayer,9a9904b5-8fc7-46e2-b64e-aa6e37d7fe69,player_56,2025-04-06T08:01:00.195024,2025-04-06T08:26:00.195024,25,match_end,2025-04-06T08:25:00.195024,Mobile,AS,1.2,35.0,1665.0,,,0.0,,0,1,0,4500,4485
Studio_2,MPG_1,MultiPlayerGame_1,multiplayer,869ce9e7-dfed-4ba4-8c05-48bd27ac4d48,player_80,2025-05-01T16:01:00.195064,2025-05-01T17:16:00.195064,75,match_end,2025-05-01T16:44:00.195064,PC,EU,1.2,,,19.0,25.0,,win,0,0,1,1446,1185
Studio_2,SPG_2,SinglePlayerGame_2,singleplayer,51b01c68-3307-4910-9483-f24a24352c66,player_51,2025-04-01T12:01:00.195118,2025-04-01T13:50:00.195118,109,purchase,2025-04-01T12:23:00.195118,PC,AF,1.0,13.0,1898.0,,,48.0,,0,1,0,2044,4750
Studio_5,MPG_2,MultiPlayerGame_2,multiplayer,1f11ddc7-a267-4823-b5b7-60ae215beb8f,player_70,2025-04-18T08:01:00.195279,2025-04-18T08:24:00.195279,23,purchase,2025-04-18T08:20:00.195279,PC,NA,1.2,,,2.0,21.0,,draw,1,1,0,2460,1271
Studio_4,SPG_5,SinglePlayerGame_5,singleplayer,8852ec0d-5911-4803-b13d-6654ebd80cf9,player_19,2025-04-04T04:01:00.195355,2025-04-04T04:30:00.195355,29,login,2025-04-04T04:29:00.195355,Mobile,AF,1.1,35.0,6400.0,,,21.0,,1,1,1,2791,376
Studio_5,SPG_3,SinglePlayerGame_3,singleplayer,b4ea2adb-51a1-415c-bdbf-fcf9075e4001,player_85,2025-04-04T06:01:00.195414,2025-04-04T06:38:00.195414,37,purchase,2025-04-04T06:11:00.195414,Console,SA,1.2,8.0,2339.0,,,21.0,,1,1,1,1325,2238
Studio_2,SPG_5,SinglePlayerGame_5,singleplayer,871da8ac-6896-4474-99a1-5fb2e9c6b2f8,player_88,2025-04-24T09:01:00.195463,2025-04-24T10:31:00.195463,90,level_start,2025-04-24T09:31:00.195463,PC,AS,1.1,42.0,5759.0,,,43.0,,0,0,0,2902,4684
Studio_5,MPG_3,MultiPlayerGame_3,multiplayer,42b3ef51-3ace-47ec-9e44-bdd6b04ac4f2,player_91,2025-04-26T17:01:00.195524,2025-04-26T17:23:00.195524,22,level_start,2025-04-26T17:07:00.195524,Mobile,SA,1.2,,,27.0,18.0,,draw,1,0,0,1473,4003
Studio_3,SPG_5,SinglePlayerGame_5,singleplayer,b5e2843e-e146-41b5-a6c2-63624baa3b27,player_7,2025-04-09T17:01:00.195587,2025-04-09T17:25:00.195587,24,match_start,2025-04-09T17:23:00.195587,Console,NA,1.0,14.0,8069.0,,,11.0,,1,0,1,1191,4694
Studio_4,MPG_1,MultiPlayerGame_1,multiplayer,b87e98ea-a364-48c7-9853-76ac03a61d07,player_4,2025-04-23T08:01:00.195632,2025-04-23T09:39:00.195632,98,level_complete,2025-04-23T09:09:00.195632,Console,NA,1.0,,,20.0,6.0,,win,0,1,1,2848,4601
Studio_5,SPG_1,SinglePlayerGame_1,singleplayer,b5f74672-d5e4-4f77-9125-d0fa9e359a58,player_55,2025-04-12T13:01:00.195755,2025-04-12T14:44:00.195755,103,logout,2025-04-12T13:24:00.195755,Console,AS,1.2,39.0,4537.0,,,46.0,,1,1,0,1313,2211
Studio_1,MPG_3,MultiPlayerGame_3,multiplayer,3047ecc1-bdbc-4d32-a924-f81d86659d93,player_12,2025-04-02T06:01:00.195863,2025-04-02T07:19:00.195863,78,login,2025-04-02T06:08:00.195863,Console,EU,1.0,,,29.0,28.0,,win,0,0,0,1189,3015
Studio_1,MPG_2,MultiPlayerGame_2,multiplayer,231984cc-1561-464c-87f9-ad2f62874e5f,player_91,2025-04-21T23:01:00.195976,2025-04-22T00:00:00.195976,59,login,2025-04-21T23:46:00.195976,Mobile,SA,1.1,,,8.0,10.0,,draw,0,1,1,4244,4415
Studio_2,SPG_2,SinglePlayerGame_2,singleplayer,f1f85329-645a-48e4-8614-f9301cfa7d69,player_99,2025-04-25T16:01:00.196053,2025-04-25T16:48:00.196053,47,match_start,2025-04-25T16:42:00.196053,Console,AF,1.1,12.0,543.0,,,31.0,,0,0,0,1008,2078
Studio_4,MPG_3,MultiPlayerGame_3,multiplayer,1899af08-1f8d-425d-bf23-0fe3efa4a426,player_81,2025-04-19T20:01:00.196127,2025-04-19T20:35:00.196127,34,level_complete,2025-04-19T20:18:00.196127,Console,NA,1.0,,,19.0,16.0,,draw,1,0,0,4691,4748
Studio_3,SPG_1,SinglePlayerGame_1,singleplayer,3ea175a5-0e6e-4f19-828a-c71e92a12db7,player_95,2025-04-08T16:01:00.196271,2025-04-08T17:53:00.196271,112,match_start,2025-04-08T16:36:00.196271,Console,AF,1.2,29.0,6597.0,,,11.0,,0,1,1,806,1792
Studio_4,MPG_4,MultiPlayerGame_4,multiplayer,fc1a2bb0-2348-4a83-8823-32c9a66a7804,player_77,2025-04-06T07:01:00.196476,2025-04-06T07:52:00.196476,51,level_complete,2025-04-06T07:37:00.196476,Mobile,NA,1.2,,,6.0,24.0,,win,0,0,1,2592,2908
Studio_2,MPG_2,MultiPlayerGame_2,multiplayer,88d00eb9-c8ac-4afd-9b0f-a41853831389,player_30,2025-04-28T04:01:00.196554,2025-04-28T05:27:00.196554,86,logout,2025-04-28T05:00:00.196554,PC,AF,1.0,,,14.0,22.0,,win,0,0,0,2939,757
Studio_5,MPG_1,MultiPlayerGame_1,multiplayer,f7778971-df59-495a-8c9e-83804ad1f553,player_9,2025-04-10T23:01:00.196614,2025-04-10T23:51:00.196614,50,login,2025-04-10T23:37:00.196614,PC,EU,1.1,,,17.0,30.0,,draw,0,0,1,1761,434
Studio_4,MPG_2,MultiPlayerGame_2,multiplayer,8f2d16f5-05f8-4d34-8104-694026896edc,player_88,2025-04-16T05:01:00.196668,2025-04-16T06:44:00.196668,103,level_start,2025-04-16T05:31:00.196668,PC,AF,1.0,,,10.0,7.0,,loss,1,0,1,1932,1358
Studio_2,MPG_1,MultiPlayerGame_1,multiplayer,e32c4f16-86fb-4f9c-a87d-bdd8539c5a21,player_81,2025-04-06T14:01:00.196729,2025-04-06T14:07:00.196729,6,level_complete,2025-04-06T14:05:00.196729,Console,AF,1.1,,,5.0,10.0,,loss,0,1,0,3771,178
Studio_4,MPG_5,MultiPlayerGame_5,multiplayer,37bf7316-c240-41b0-a6d5-8a7b52e079bf,player_95,2025-04-11T11:01:00.196789,2025-04-11T12:33:00.196789,92,level_complete,2025-04-11T11:32:00.196789,Console,SA,1.0,,,6.0,28.0,,loss,1,0,1,253,1568
Studio_5,SPG_5,SinglePlayerGame_5,singleplayer,0aca5d48-0232-4d5c-b549-873cdace59ea,player_86,2025-04-10T13:01:00.196836,2025-04-10T14:42:00.196836,101,level_start,2025-04-10T13:11:00.196836,PC,NA,1.2,18.0,7895.0,,,44.0,,1,0,0,3125,540
Studio_4,SPG_5,SinglePlayerGame_5,singleplayer,80f20e05-dbcf-43e0-9591-5c363a82c409,player_52,2025-04-01T14:01:00.196885,2025-04-01T15:13:00.196885,72,login,2025-04-01T15:04:00.196885,Console,NA,1.0,30.0,2270.0,,,27.0,,0,0,0,892,2007
Studio_2,SPG_2,SinglePlayerGame_2,singleplayer,e21c92f1-355e-4f5a-8495-d5c47a31e9a4,player_1,2025-04-04T11:01:00.196925,2025-04-04T11:38:00.196925,37,purchase,2025-04-04T11:09:00.196925,Console,EU,1.1,34.0,2147.0,,,0.0,,0,1,1,1718,3553
Studio_5,MPG_1,MultiPlayerGame_1,multiplayer,f358997e-e300-4552-adce-9127bf4b7419,player_86,2025-04-08T02:01:00.196978,2025-04-08T02:18:00.196978,17,purchase,2025-04-08T02:16:00.196978,Mobile,NA,1.2,,,20.0,28.0,,loss,1,0,1,1813,98
Studio_2,SPG_1,SinglePlayerGame_1,singleplayer,11506a8b-14a6-4519-9b60-c5882961d073,player_67,2025-04-29T19:01:00.197026,2025-04-29T20:52:00.197026,111,level_start,2025-04-29T19:03:00.197026,Console,AF,1.2,20.0,3663.0,,,7.0,,0,0,1,1651,4174
Studio_2,MPG_4,MultiPlayerGame_4,multiplayer,e252c2c3-a538-493b-8be8-8a5195c5a0ea,player_73,2025-04-07T11:01:00.197067,2025-04-07T12:06:00.197067,65,login,2025-04-07T11:24:00.197067,Console,AF,1.2,,,26.0,19.0,,win,0,1,0,2545,4312
Studio_4,SPG_3,SinglePlayerGame_3,singleplayer,4be5fedc-daec-4694-8792-107f6a80a9a6,player_77,2025-04-26T18:01:00.197105,2025-04-26T18:14:00.197105,13,purchase,2025-04-26T18:09:00.197105,Mobile,EU,1.2,31.0,5862.0,,,44.0,,0,0,0,2729,779
Studio_1,SPG_5,SinglePlayerGame_5,singleplayer,3edf9759-7d67-4b9c-a5b0-dc9b41a3cff3,player_7,2025-04-30T14:01:00.197157,2025-04-30T15:55:00.197157,114,level_start,2025-04-30T14:28:00.197157,Console,AF,1.2,4.0,7023.0,,,23.0,,0,0,0,318,1964
Studio_4,SPG_3,SinglePlayerGame_3,singleplayer,9105a6ea-638e-4ccd-82ba-d37e495e6250,player_68,2025-04-14T11:01:00.197211,2025-04-14T12:49:00.197211,108,match_start,2025-04-14T12:42:00.197211,Console,EU,1.1,25.0,7782.0,,,12.0,,1,0,1,2275,2939
Studio_2,MPG_4,MultiPlayerGame_4,multiplayer,b07fccbd-e39a-4810-80a3-47b09557acc3,player_5,2025-04-10T19:01:00.197249,2025-04-10T19:27:00.197249,26,level_start,2025-04-10T19:18:00.197249,Mobile,AF,1.2,,,7.0,28.0,,loss,1,0,0,566,552
Studio_3,SPG_2,SinglePlayerGame_2,singleplayer,7de58bc2-2a88-4137-9aa9-56e51400ba95,player_88,2025-04-12T03:01:00.197286,2025-04-12T04:59:00.197286,118,purchase,2025-04-12T04:50:00.197286,Console,AF,1.1,11.0,6887.0,,,25.0,,1,1,0,393,3521
Studio_3,SPG_4,SinglePlayerGame_4,singleplayer,dc4104ce-9de8-4ab4-a4f0-fd35e24da7a4,player_15,2025-04-26T02:01:00.197321,2025-04-26T03:53:00.197321,112,login,2025-04-26T03:14:00.197321,Console,SA,1.1,38.0,8018.0,,,24.0,,0,1,1,1284,2488
Studio_3,SPG_4,SinglePlayerGame_4,singleplayer,b7a3e029-7818-4a25-938d-ad4fe2a977bc,player_84,2025-04-05T13:01:00.197363,2025-04-05T13:28:00.197363,27,match_start,2025-04-05T13:17:00.197363,PC,AS,1.2,24.0,7128.0,,,13.0,,1,1,1,1299,1415
Studio_2,SPG_3,SinglePlayerGame_3,singleplayer,54745f9e-4e1f-497e-81dd-02f4b37eea7a,player_71,2025-04-03T08:01:00.197402,2025-04-03T09:14:00.197402,73,match_start,2025-04-03T08:59:00.197402,Console,EU,1.0,32.0,3831.0,,,46.0,,1,0,0,1848,4493
Studio_4,SPG_5,SinglePlayerGame_5,singleplayer,ed9ed130-3781-4711-a0ee-1dba48bd19ac,player_73,2025-04-21T04:01:00.197449,2025-04-21T05:26:00.197449,85,logout,2025-04-21T04:54:00.197449,Mobile,SA,1.2,30.0,1974.0,,,50.0,,1,1,1,1840,14
Studio_4,SPG_2,SinglePlayerGame_2,singleplayer,938f591e-5ac6-4383-95a3-eb24675d4b90,player_73,2025-04-30T23:01:00.197624,2025-04-30T23:39:00.197624,38,logout,2025-04-30T23:25:00.197624,Mobile,AS,1.0,41.0,9719.0,,,17.0,,0,0,0,1803,2834
Studio_3,SPG_2,SinglePlayerGame_2,singleplayer,4f5276c4-862b-47ba-87f0-ab0ec978c2e2,player_35,2025-04-26T01:01:00.197731,2025-04-26T01:22:00.197731,21,match_end,2025-04-26T01:12:00.197731,Mobile,SA,1.0,34.0,6737.0,,,1.0,,1,0,1,4930,2430
Studio_4,MPG_5,MultiPlayerGame_5,multiplayer,eef8e61b-a5aa-4f42-8648-5f9db385824c,player_99,2025-04-17T20:01:00.197827,2025-04-17T21:18:00.197827,77,purchase,2025-04-17T20:06:00.197827,PC,AS,1.1,,,12.0,12.0,,loss,1,0,1,1445,2333
Studio_1,SPG_2,SinglePlayerGame_2,singleplayer,8e21932f-8372-4683-af9c-6df241dc4a45,player_18,2025-04-25T09:01:00.197905,2025-04-25T09:57:00.197905,56,level_complete,2025-04-25T09:50:00.197905,Console,SA,1.0,12.0,6960.0,,,38.0,,1,1,1,4124,1305
Studio_4,MPG_5,MultiPlayerGame_5,multiplayer,fda873ef-c671-4520-9bcd-557b0ba2a06c,player_29,2025-04-07T01:01:00.197974,2025-04-07T01:18:00.197974,17,login,2025-04-07T01:02:00.197974,Console,EU,1.0,,,27.0,11.0,,win,1,0,0,265,4555
Studio_3,MPG_3,MultiPlayerGame_3,multiplayer,0f8c64b4-28cf-443b-9a2e-2df96e388970,player_94,2025-04-08T14:01:00.198019,2025-04-08T14:32:00.198019,31,level_complete,2025-04-08T14:19:00.198019,Mobile,SA,1.2,,,21.0,1.0,,win,1,1,0,1333,450
Studio_4,SPG_1,SinglePlayerGame_1,singleplayer,9376499e-f8b3-45dd-bee4-bb61eb1e385a,player_45,2025-04-02T12:01:00.198079,2025-04-02T13:04:00.198079,63,logout,2025-04-02T12:47:00.198079,Mobile,SA,1.0,38.0,7115.0,,,28.0,,1,0,0,565,42
Studio_4,SPG_4,SinglePlayerGame_4,singleplayer,4a7c0811-ce88-46fa-b8f5-033f23d703a9,player_88,2025-04-20T19:01:00.198137,2025-04-20T20:39:00.198137,98,match_end,2025-04-20T19:29:00.198137,PC,SA,1.2,35.0,7119.0,,,39.0,,1,0,1,1262,675
Studio_5,MPG_1,MultiPlayerGame_1,multiplayer,3d1074ab-1ef2-4cd9-a4e0-00a55811c4b3,player_26,2025-04-16T13:01:00.198186,2025-04-16T14:49:00.198186,108,match_end,2025-04-16T13:02:00.198186,PC,AS,1.1,,,4.0,6.0,,loss,0,0,0,3783,2622
Studio_5,MPG_4,MultiPlayerGame_4,multiplayer,79183948-c953-4375-a66d-8b1cd8ed707e,player_100,2025-04-19T01:01:00.198265,2025-04-19T01:21:00.198265,20,level_complete,2025-04-19T01:04:00.198265,Mobile,EU,1.1,,,11.0,30.0,,loss,0,1,0,1895,3290
Studio_2,MPG_4,MultiPlayerGame_4,multiplayer,db381cfa-4568-42cc-a2b7-bb55c88734f6,player_47,2025-04-11T11:01:00.198339,2025-04-11T12:21:00.198339,80,level_complete,2025-04-11T11:48:00.198339,Console,AF,1.2,,,10.0,27.0,,draw,0,0,0,2723,1150
Studio_2,MPG_5,MultiPlayerGame_5,multiplayer,f80e9990-1e56-4275-94ae-f9bbd15f7033,player_48,2025-04-28T17:01:00.198398,2025-04-28T18:45:00.198398,104,match_start,2025-04-28T17:08:00.198398,PC,AS,1.1,,,30.0,8.0,,win,0,1,1,2437,154
Studio_1,SPG_1,SinglePlayerGame_1,singleplayer,e07cd3b2-1ed5-4bb0-a7b4-cd8cefc668cb,player_31,2025-04-03T02:01:00.198471,2025-04-03T03:40:00.198471,99,level_complete,2025-04-03T03:31:00.198471,Mobile,SA,1.0,16.0,7003.0,,,1.0,,0,0,1,2305,3009
Studio_5,MPG_1,MultiPlayerGame_1,multiplayer,1e9779ee-fc30-46fa-80e0-6a6f4792bace,player_56,2025-04-07T17:01:00.198652,2025-04-07T17:20:00.198652,19,login,2025-04-07T17:02:00.198652,Console,AF,1.0,,,21.0,1.0,,win,0,0,1,213,1347
Studio_3,SPG_3,SinglePlayerGame_3,singleplayer,8a5db1ef-7e9b-46c6-9fe6-835625f89926,player_70,2025-04-09T15:01:00.198713,2025-04-09T16:30:00.198713,89,logout,2025-04-09T15:20:00.198713,PC,EU,1.1,26.0,1561.0,,,37.0,,0,1,0,3486,2857
Studio_1,MPG_5,MultiPlayerGame_5,multiplayer,b5d30dac-18bf-41a4-a21b-e1107fb14c37,player_29,2025-04-06T06:01:00.198752,2025-04-06T07:58:00.198752,117,login,2025-04-06T07:51:00.198752,Mobile,EU,1.1,,,15.0,7.0,,draw,0,1,0,346,4362
Studio_5,MPG_3,MultiPlayerGame_3,multiplayer,8cad9cf2-864e-4427-8d03-cc01e5a7e60e,player_43,2025-04-29T06:01:00.198827,2025-04-29T07:29:00.198827,88,level_start,2025-04-29T06:17:00.198827,PC,EU,1.2,,,16.0,11.0,,draw,0,1,1,1981,1533
Studio_4,SPG_3,SinglePlayerGame_3,singleplayer,c567939f-4a48-4726-bff6-ba9a0985de84,player_3,2025-04-24T04:01:00.198875,2025-04-24T04:20:00.198875,19,level_complete,2025-04-24T04:14:00.198875,Console,NA,1.1,11.0,5061.0,,,32.0,,1,1,1,1250,1315
Studio_1,MPG_1,MultiPlayerGame_1,multiplayer,d3a30d27-68cf-45c7-b500-5b69deaf9137,player_7,2025-04-14T08:01:00.199060,2025-04-14T09:44:00.199060,103,match_start,2025-04-14T09:27:00.199060,Console,SA,1.1,,,27.0,29.0,,draw,1,1,1,1535,2302
Studio_2,SPG_5,SinglePlayerGame_5,singleplayer,44b71d17-c352-4a89-800f-78d613daec5c,player_11,2025-04-25T11:01:00.199346,2025-04-25T11:13:00.199346,12,match_start,2025-04-25T11:10:00.199346,Mobile,EU,1.2,44.0,5643.0,,,16.0,,1,1,1,4541,4083
Studio_4,MPG_5,MultiPlayerGame_5,multiplayer,eda6ad4e-39e9-48f4-a71f-c3f38dae786d,player_6,2025-04-29T23:01:00.199448,2025-04-30T00:00:00.199448,59,logout,2025-04-29T23:59:00.199448,PC,AS,1.2,,,16.0,0.0,,win,0,0,1,2650,2428
Studio_5,SPG_4,SinglePlayerGame_4,singleplayer,09669d48-4363-4850-af2a-8d2f76b905a6,player_28,2025-04-24T09:01:00.199517,2025-04-24T09:42:00.199517,41,logout,2025-04-24T09:17:00.199517,PC,EU,1.0,27.0,8627.0,,,2.0,,1,0,0,3559,3968
Studio_2,MPG_5,MultiPlayerGame_5,multiplayer,983da3b8-cba1-47d0-8d7a-b470fce38798,player_20,2025-04-29T13:01:00.199568,2025-04-29T13:24:00.199568,23,purchase,2025-04-29T13:01:00.199568,PC,NA,1.2,,,13.0,13.0,,draw,0,1,1,2813,4059
Studio_2,MPG_3,MultiPlayerGame_3,multiplayer,7cdce127-14d1-4939-9122-0e75e75aa29f,player_21,2025-04-04T04:01:00.199639,2025-04-04T04:19:00.199639,18,level_complete,2025-04-04T04:14:00.199639,PC,NA,1.1,,,1.0,7.0,,draw,1,0,1,743,2326
Studio_1,SPG_4,SinglePlayerGame_4,singleplayer,4e470b57-4d7f-424d-8e75-312024e75104,player_77,2025-04-13T17:01:00.199780,2025-04-13T18:35:00.199780,94,login,2025-04-13T17:46:00.199780,Console,EU,1.1,19.0,3361.0,,,3.0,,0,0,0,4883,277
Studio_4,MPG_3,MultiPlayerGame_3,multiplayer,322f54a7-2211-4abe-8a9d-fede7363f641,player_62,2025-04-11T18:01:00.199922,2025-04-11T18:18:00.199922,17,login,2025-04-11T18:01:00.199922,PC,AS,1.2,,,14.0,13.0,,draw,0,0,1,4127,1972
Studio_5,SPG_2,SinglePlayerGame_2,singleplayer,24926a68-d633-4c54-a824-370d3eeab241,player_71,2025-04-07T10:01:00.200049,2025-04-07T10:09:00.200049,8,level_complete,2025-04-07T10:02:00.200049,PC,AS,1.1,23.0,7118.0,,,15.0,,0,0,1,3689,1332
Studio_5,SPG_2,SinglePlayerGame_2,singleplayer,ce54a31a-a812-4f50-be8d-663296db2b0a,player_75,2025-04-02T22:01:00.200137,2025-04-02T22:44:00.200137,43,match_start,2025-04-02T22:08:00.200137,Console,EU,1.0,22.0,323.0,,,28.0,,1,1,1,884,1900
Studio_4,MPG_5,MultiPlayerGame_5,multiplayer,ae11d3e3-db79-4111-8dae-cdc68f22019a,player_91,2025-04-30T10:01:00.200196,2025-04-30T10:44:00.200196,43,match_end,2025-04-30T10:44:00.200196,PC,SA,1.0,,,8.0,23.0,,win,0,0,0,4425,4585
Studio_3,SPG_5,SinglePlayerGame_5,singleplayer,4a0f82fe-b6f4-439e-9e40-4a631a8a3846,player_81,2025-04-19T22:01:00.200267,2025-04-19T23:59:00.200267,118,purchase,2025-04-19T23:47:00.200267,Mobile,SA,1.1,44.0,182.0,,,37.0,,1,1,1,3018,3172
Studio_2,MPG_4,MultiPlayerGame_4,multiplayer,25f2cb0f-322f-4e68-8e9d-a4c6f826393b,player_28,2025-04-14T05:01:00.200328,2025-04-14T05:23:00.200328,22,match_start,2025-04-14T05:13:00.200328,PC,AS,1.1,,,18.0,25.0,,loss,1,1,0,2906,356
Studio_2,MPG_1,MultiPlayerGame_1,multiplayer,83a4564a-b25a-4c7c-b002-658545c2be20,player_3,2025-04-09T19:01:00.200382,2025-04-09T19:15:00.200382,14,purchase,2025-04-09T19:09:00.200382,Mobile,EU,1.0,,,9.0,9.0,,win,0,0,1,3175,3368
Studio_2,SPG_5,SinglePlayerGame_5,singleplayer,f5ee2b23-5151-43b6-9a02-56356ac9ecd6,player_51,2025-04-02T07:01:00.200438,2025-04-02T08:48:00.200438,107,level_start,2025-04-02T08:43:00.200438,PC,AF,1.2,50.0,4501.0,,,42.0,,1,0,1,2868,2198
Studio_1,SPG_3,SinglePlayerGame_3,singleplayer,835a66ab-3033-418f-ac3f-cb8059ac6cf2,player_51,2025-04-11T21:01:00.200496,2025-04-11T22:36:00.200496,95,match_start,2025-04-11T21:36:00.200496,Console,SA,1.1,1.0,5045.0,,,40.0,,1,1,1,613,4311
Studio_3,MPG_4,MultiPlayerGame_4,multiplayer,2599f326-68bc-4d15-ae3f-d8619bd2f6f8,player_94,2025-04-26T22:01:00.200564,2025-04-26T23:35:00.200564,94,level_complete,2025-04-26T22:33:00.200564,PC,EU,1.0,,,23.0,18.0,,draw,0,0,0,551,3652
Studio_1,MPG_2,MultiPlayerGame_2,multiplayer,856260ce-a8a3-4a64-8c63-e88793686531,player_77,2025-04-21T22:01:00.200611,2025-04-21T22:46:00.200611,45,match_end,2025-04-21T22:12:00.200611,Mobile,NA,1.1,,,6.0,11.0,,win,0,1,1,183,4019
Studio_3,SPG_3,SinglePlayerGame_3,singleplayer,ac80ead0-c555-4053-aa4f-65ee7a9e2417,player_78,2025-04-05T08:01:00.200647,2025-04-05T08:39:00.200647,38,match_start,2025-04-05T08:01:00.200647,Console,AS,1.1,1.0,6370.0,,,40.0,,1,0,0,395,2695
Studio_5,SPG_2,SinglePlayerGame_2,singleplayer,dae20ee5-bca1-41fa-a3c1-a629aab643b4,player_11,2025-04-03T04:01:00.200703,2025-04-03T04:27:00.200703,26,match_start,2025-04-03T04:20:00.200703,Console,AS,1.1,47.0,758.0,,,27.0,,0,1,0,3224,1479
Studio_5,MPG_2,MultiPlayerGame_2,multiplayer,963c4cd7-1b74-4043-a5f3-061c89edaa78,player_34,2025-04-15T10:01:00.200755,2025-04-15T11:25:00.200755,84,login,2025-04-15T10:45:00.200755,PC,NA,1.1,,,20.0,17.0,,win,1,1,0,516,4903
Studio_3,MPG_4,MultiPlayerGame_4,multiplayer,8847035a-25e2-42d0-84c9-9dd422923610,player_83,2025-04-03T15:01:00.200820,2025-04-03T16:27:00.200820,86,match_end,2025-04-03T15:37:00.200820,Console,AS,1.1,,,6.0,26.0,,loss,0,0,0,4451,4708
Studio_5,SPG_5,SinglePlayerGame_5,singleplayer,b3f2c020-d90e-4dbf-b3f5-30859ad05882,player_94,2025-04-26T13:01:00.200882,2025-04-26T14:40:00.200882,99,level_start,2025-04-26T14:24:00.200882,Console,AF,1.2,24.0,3153.0,,,21.0,,1,1,1,2685,2641
Studio_2,MPG_5,MultiPlayerGame_5,multiplayer,5e503e18-3c54-43b4-95a3-e9335cba8683,player_8,2025-04-21T14:01:00.200932,2025-04-21T14:29:00.200932,28,logout,2025-04-21T14:10:00.200932,Console,AF,1.0,,,0.0,9.0,,loss,1,1,0,1948,2494
Studio_4,SPG_2,SinglePlayerGame_2,singleplayer,f61201ec-3c45-4564-8d6a-58924d753ed4,player_30,2025-04-13T16:01:00.201122,2025-04-13T17:11:00.201122,70,login,2025-04-13T16:30:00.201122,PC,AS,1.2,30.0,5832.0,,,47.0,,0,1,0,4855,3738
Studio_2,SPG_4,SinglePlayerGame_4,singleplayer,40e43a96-6b17-4b79-b20b-f6359ec4e479,player_96,2025-04-21T07:01:00.201214,2025-04-21T08:17:00.201214,76,purchase,2025-04-21T07:07:00.201214,Mobile,AS,1.2,46.0,78.0,,,18.0,,0,0,1,2282,3900
Studio_5,MPG_1,MultiPlayerGame_1,multiplayer,c6360046-cb88-4870-b510-b0c03d74c0d0,player_44,2025-04-11T12:01:00.201281,2025-04-11T13:18:00.201281,77,purchase,2025-04-11T12:03:00.201281,Console,SA,1.0,,,23.0,3.0,,loss,1,1,0,3905,4183
Studio_3,MPG_2,MultiPlayerGame_2,multiplayer,e01607e4-ba73-44f8-9bba-ee06fb704167,player_66,2025-04-21T10:01:00.201353,2025-04-21T10:08:00.201353,7,level_start,2025-04-21T10:02:00.201353,Mobile,EU,1.0,,,15.0,5.0,,win,0,0,0,4711,4846
Studio_3,SPG_2,SinglePlayerGame_2,singleplayer,7c3e978b-dff6-40f1-a809-49aa212a13f5,player_34,2025-04-19T01:01:00.201413,2025-04-19T01:43:00.201413,42,match_end,2025-04-19T01:20:00.201413,Console,AS,1.1,3.0,3110.0,,,28.0,,0,0,0,3051,4493
Studio_2,MPG_5,MultiPlayerGame_5,multiplayer,43c98631-adcc-44c4-94d7-f34cc2c10f92,player_53,2025-04-09T14:01:00.201471,2025-04-09T14:35:00.201471,34,logout,2025-04-09T14:23:00.201471,Console,NA,1.1,,,15.0,30.0,,loss,0,0,1,3189,2672
Studio_5,SPG_3,SinglePlayerGame_3,singleplayer,d60d43fc-6126-4c78-a3d3-23d74ebef9f9,player_93,2025-04-03T01:01:00.201536,2025-04-03T02:21:00.201536,80,level_start,2025-04-03T01:51:00.201536,Mobile,AS,1.1,20.0,2863.0,,,33.0,,1,0,1,4718,299
Studio_4,MPG_4,MultiPlayerGame_4,multiplayer,ef6d79f0-533b-4626-9387-715ca1c8713b,player_59,2025-04-13T20:01:00.201594,2025-04-13T20:58:00.201594,57,purchase,2025-04-13T20:33:00.201594,Mobile,NA,1.0,,,3.0,28.0,,draw,1,1,1,1280,3522
Studio_1,MPG_1,MultiPlayerGame_1,multiplayer,01b4ffb8-f805-490b-89eb-1e327657de5f,player_95,2025-04-03T21:01:00.201757,2025-04-03T22:05:00.201757,64,login,2025-04-03T21:29:00.201757,Mobile,SA,1.0,,,24.0,1.0,,win,0,1,1,4038,2821
Studio_5,MPG_1,MultiPlayerGame_1,multiplayer,b29b552a-3aea-444e-9b18-4281c33a69b8,player_39,2025-04-12T02:01:00.201846,2025-04-12T03:05:00.201846,64,logout,2025-04-12T02:34:00.201846,PC,SA,1.0,,,22.0,3.0,,win,0,1,0,3645,4736
Studio_1,MPG_2,MultiPlayerGame_2,multiplayer,fd4f96aa-cc4d-4cd8-a7e9-7eab7f370980,player_78,2025-04-02T03:01:00.201907,2025-04-02T04:25:00.201907,84,match_start,2025-04-02T03:44:00.201907,Mobile,EU,1.2,,,22.0,28.0,,loss,1,0,0,2637,1450
Studio_4,MPG_1,MultiPlayerGame_1,multiplayer,7089ad0b-547d-4151-bed6-917cc2c37c7c,player_7,2025-04-11T15:01:00.201963,2025-04-11T16:20:00.201963,79,login,2025-04-11T15:21:00.201963,PC,SA,1.2,,,12.0,30.0,,draw,0,0,1,2548,578
Studio_2,MPG_1,MultiPlayerGame_1,multiplayer,db886f79-2e11-47ec-b9f8-e7b888507e19,player_36,2025-04-10T06:01:00.202017,2025-04-10T06:14:00.202017,13,match_start,2025-04-10T06:12:00.202017,PC,AS,1.0,,,30.0,1.0,,win,1,1,0,1978,3061
Studio_4,SPG_1,SinglePlayerGame_1,singleplayer,e73ec0f6-f11c-417e-a767-89a3ffe1329f,player_16,2025-04-24T04:01:00.202196,2025-04-24T04:23:00.202196,22,login,2025-04-24T04:17:00.202196,Mobile,SA,1.2,43.0,1614.0,,,18.0,,0,0,1,3685,4183
Studio_1,SPG_5,SinglePlayerGame_5,singleplayer,5ad038e0-60a3-4fe4-a4bd-d468e9bb0156,player_66,2025-05-01T17:01:00.202309,2025-05-01T17:33:00.202309,32,level_start,2025-05-01T17:19:00.202309,PC,NA,1.0,13.0,3564.0,,,27.0,,0,0,1,2580,1747
Studio_3,SPG_4,SinglePlayerGame_4,singleplayer,b33b9307-dfa7-4039-a5b6-b41cb9dde6ed,player_2,2025-04-19T07:01:00.202477,2025-04-19T08:20:00.202477,79,login,2025-04-19T08:12:00.202477,PC,NA,1.0,27.0,5989.0,,,3.0,,1,1,1,3780,4638
Studio_4,SPG_2,SinglePlayerGame_2,singleplayer,5f1c18f2-059f-430f-ad36-de5c328ca0f1,player_26,2025-04-07T06:01:00.202559,2025-04-07T06:13:00.202559,12,login,2025-04-07T06:01:00.202559,Mobile,NA,1.2,3.0,9350.0,,,36.0,,0,0,1,1519,1386
Studio_3,MPG_3,MultiPlayerGame_3,multiplayer,db7f98d1-43e6-4aec-8a1b-3b8ebfeecfdd,player_49,2025-04-07T21:01:00.202621,2025-04-07T22:51:00.202621,110,login,2025-04-07T21:06:00.202621,Console,NA,1.0,,,15.0,28.0,,draw,1,0,0,1065,209
Studio_4,SPG_1,SinglePlayerGame_1,singleplayer,f02aa811-ac28-4d2a-9a1a-8dcc7bceab05,player_50,2025-04-23T23:01:00.202693,2025-04-23T23:43:00.202693,42,level_start,2025-04-23T23:11:00.202693,Mobile,EU,1.0,37.0,9196.0,,,10.0,,0,1,0,193,3299
Studio_5,SPG_4,SinglePlayerGame_4,singleplayer,95461ae0-725c-4e6b-b549-0faf587a3d1b,player_82,2025-04-17T12:01:00.202741,2025-04-17T13:46:00.202741,105,match_start,2025-04-17T13:33:00.202741,Mobile,EU,1.2,50.0,8906.0,,,8.0,,1,1,1,2426,3175
Studio_1,SPG_4,SinglePlayerGame_4,singleplayer,1ddb5ad9-39e9-4853-a237-edce903f9dac,player_14,2025-04-10T04:01:00.202779,2025-04-10T04:14:00.202779,13,logout,2025-04-10T04:14:00.202779,PC,AF,1.1,43.0,1955.0,,,45.0,,1,0,0,3240,2776
Studio_4,SPG_5,SinglePlayerGame_5,singleplayer,ffec7663-4394-4300-a646-1c0c4df1b8fb,player_38,2025-04-02T16:01:00.202827,2025-04-02T17:55:00.202827,114,match_start,2025-04-02T17:42:00.202827,PC,NA,1.1,34.0,546.0,,,6.0,,1,1,1,3862,2613
Studio_5,SPG_4,SinglePlayerGame_4,singleplayer,0fc3f910-e6f6-4047-8387-e51a7f780028,player_35,2025-04-08T11:01:00.202869,2025-04-08T11:08:00.202869,7,login,2025-04-08T11:02:00.202869,PC,SA,1.1,9.0,4188.0,,,42.0,,0,0,0,3130,1637
Studio_3,MPG_1,MultiPlayerGame_1,multiplayer,3650b2e3-3ee3-449f-97ec-e092f50cb05a,player_5,2025-04-16T16:01:00.202909,2025-04-16T17:23:00.202909,82,match_end,2025-04-16T16:27:00.202909,Mobile,SA,1.0,,,29.0,22.0,,win,1,0,1,1718,3601
Studio_4,SPG_1,SinglePlayerGame_1,singleplayer,76bd4816-8a1c-4629-a5c1-e632530cf82f,player_65,2025-04-13T07:01:00.203129,2025-04-13T07:10:00.203129,9,match_end,2025-04-13T07:10:00.203129,Console,AS,1.0,40.0,6093.0,,,43.0,,1,0,1,2335,3762
Studio_1,MPG_3,MultiPlayerGame_3,multiplayer,cc311969-94d4-4e66-ba69-9f79d364a228,player_85,2025-04-27T22:01:00.203343,2025-04-27T22:14:00.203343,13,match_end,2025-04-27T22:03:00.203343,Mobile,NA,1.2,,,16.0,7.0,,draw,1,0,1,2285,2670
Studio_3,MPG_2,MultiPlayerGame_2,multiplayer,10d393fd-0920-4aab-8cdd-5306ce323d74,player_18,2025-04-13T07:01:00.203416,2025-04-13T08:26:00.203416,85,match_end,2025-04-13T07:22:00.203416,Mobile,EU,1.0,,,17.0,8.0,,loss,1,0,1,1782,3004
Studio_5,MPG_3,MultiPlayerGame_3,multiplayer,bea4e1ae-d670-4b77-9618-ebe2ac52228d,player_32,2025-04-10T14:01:00.203449,2025-04-10T14:36:00.203449,35,purchase,2025-04-10T14:28:00.203449,PC,AF,1.2,,,10.0,15.0,,win,1,0,1,2239,2624
Studio_4,MPG_5,MultiPlayerGame_5,multiplayer,13f2a5e8-9af3-4fa7-800a-692bee463565,player_30,2025-04-12T11:01:00.203495,2025-04-12T11:40:00.203495,39,match_end,2025-04-12T11:09:00.203495,Mobile,AF,1.0,,,4.0,20.0,,loss,0,1,0,4715,83
Studio_5,SPG_4,SinglePlayerGame_4,singleplayer,307c63f7-6be9-4195-948c-877526c367e2,player_2,2025-04-04T13:01:00.203535,2025-04-04T14:17:00.203535,76,logout,2025-04-04T13:41:00.203535,Console,SA,1.0,35.0,1412.0,,,9.0,,0,1,1,536,2495
Studio_1,SPG_5,SinglePlayerGame_5,singleplayer,4acfb641-8a9f-468e-9fd5-d56b00d6ce19,player_87,2025-04-22T18:01:00.203611,2025-04-22T18:49:00.203611,48,match_end,2025-04-22T18:38:00.203611,PC,AF,1.2,40.0,7225.0,,,46.0,,1,1,1,1569,2551
Studio_1,MPG_5,MultiPlayerGame_5,multiplayer,5701a426-94b6-49da-9a29-557038c8fabb,player_35,2025-04-25T16:01:00.203673,2025-04-25T17:32:00.203673,91,match_start,2025-04-25T16:51:00.203673,Mobile,EU,1.0,,,18.0,6.0,,draw,1,0,0,3672,755
Studio_1,MPG_2,MultiPlayerGame_2,multiplayer,7bc93064-9b61-45e1-b30d-dbb127b8200d,player_45,2025-05-01T08:01:00.203748,2025-05-01T08:47:00.203748,46,purchase,2025-05-01T08:39:00.203748,PC,AS,1.2,,,30.0,5.0,,draw,1,1,1,3497,3652
Studio_1,MPG_4,MultiPlayerGame_4,multiplayer,9cdab350-fdd0-45a9-927d-5d4f4c771ba0,player_9,2025-04-09T18:01:00.203883,2025-04-09T18:58:00.203883,57,level_complete,2025-04-09T18:08:00.203883,Console,EU,1.2,,,27.0,12.0,,win,0,0,1,3797,2944
Studio_1,SPG_1,SinglePlayerGame_1,singleplayer,396a4d09-9f95-4542-bafe-3ead4b484a11,player_22,2025-04-29T18:01:00.203983,2025-04-29T18:42:00.203983,41,match_end,2025-04-29T18:41:00.203983,Mobile,SA,1.2,22.0,5605.0,,,47.0,,0,1,1,2751,2991
Studio_1,SPG_4,SinglePlayerGame_4,singleplayer,3f553d0a-9095-4864-99dd-aab2000b8bdc,player_22,2025-04-13T09:01:00.204073,2025-04-13T10:38:00.204073,97,purchase,2025-04-13T09:31:00.204073,PC,SA,1.2,44.0,5036.0,,,40.0,,0,0,0,2295,4198
Studio_4,MPG_5,MultiPlayerGame_5,multiplayer,f62b2612-1813-4f0a-b4b8-c1b90527cd55,player_95,2025-04-14T19:01:00.204200,2025-04-14T20:27:00.204200,86,purchase,2025-04-14T19:31:00.204200,Console,NA,1.2,,,5.0,0.0,,win,1,0,1,147,2512
Studio_1,MPG_4,MultiPlayerGame_4,multiplayer,010bc7c1-dc8d-4629-bfb3-29580f2360af,player_81,2025-04-23T06:01:00.204313,2025-04-23T06:21:00.204313,20,logout,2025-04-23T06:01:00.204313,Console,AS,1.1,,,6.0,1.0,,draw,1,1,0,101,1497
Studio_5,MPG_4,MultiPlayerGame_4,multiplayer,3625c569-743a-4775-b3e4-168fe4cba871,player_7,2025-04-15T00:01:00.204563,2025-04-15T01:30:00.204563,89,level_start,2025-04-15T00:52:00.204563,Mobile,SA,1.0,,,9.0,12.0,,draw,0,0,0,1378,4706
Studio_1,SPG_4,SinglePlayerGame_4,singleplayer,91da2325-a7ac-45c0-bd2d-24fbc78cc6b7,player_23,2025-04-17T22:01:00.204649,2025-04-17T23:04:00.204649,63,logout,2025-04-17T22:31:00.204649,Console,AS,1.1,39.0,6408.0,,,8.0,,1,0,1,1972,4552
Studio_5,SPG_1,SinglePlayerGame_1,singleplayer,0cfb1ed7-12ab-4551-9120-3983df40eaeb,player_88,2025-04-05T00:01:00.204733,2025-04-05T01:59:00.204733,118,login,2025-04-05T00:26:00.204733,Console,AF,1.1,4.0,1130.0,,,29.0,,1,0,1,1389,1934
Studio_4,SPG_3,SinglePlayerGame_3,singleplayer,39a7bff9-dc0d-4498-8a4d-bafdaa401b11,player_33,2025-05-01T20:01:00.204806,2025-05-01T21:29:00.204806,88,level_start,2025-05-01T21:12:00.204806,Mobile,EU,1.2,34.0,7921.0,,,12.0,,1,0,0,1011,4984
Studio_2,MPG_1,MultiPlayerGame_1,multiplayer,c2f9df7a-86df-4878-acb7-450fe9e7a1db,player_49,2025-04-24T19:01:00.204877,2025-04-24T20:41:00.204877,100,match_start,2025-04-24T20:34:00.204877,Mobile,SA,1.2,,,15.0,23.0,,draw,1,0,1,2267,3954
Studio_3,SPG_1,SinglePlayerGame_1,singleplayer,13dbab54-c4cf-4019-b906-39566c8aae36,player_53,2025-04-10T15:01:00.204941,2025-04-10T15:28:00.204941,27,match_end,2025-04-10T15:27:00.204941,Mobile,EU,1.0,42.0,8852.0,,,17.0,,1,1,1,3949,3497
Studio_1,MPG_3,MultiPlayerGame_3,multiplayer,c711ef34-b84d-4922-b05e-f77abb5022f6,player_65,2025-04-02T17:01:00.205002,2025-04-02T17:15:00.205002,14,level_complete,2025-04-02T17:05:00.205002,Console,SA,1.2,,,16.0,2.0,,win,1,0,0,3691,2013
Studio_5,SPG_2,SinglePlayerGame_2,singleplayer,7198a95e-458b-4870-b506-05884feeb462,player_90,2025-04-06T21:01:00.205067,2025-04-06T21:25:00.205067,24,match_start,2025-04-06T21:16:00.205067,PC,AF,1.0,19.0,4592.0,,,3.0,,0,1,1,3682,2159
Studio_4,MPG_1,MultiPlayerGame_1,multiplayer,7e4a29ab-2bf6-4708-b404-a5d6c89b53ef,player_76,2025-04-25T18:01:00.205149,2025-04-25T19:03:00.205149,62,logout,2025-04-25T18:56:00.205149,Console,AS,1.0,,,1.0,15.0,,draw,0,1,0,3483,4390
Studio_4,SPG_5,SinglePlayerGame_5,singleplayer,0917b2b6-ea87-4f9b-84d6-01068c9f1ec0,player_80,2025-04-18T21:01:00.205223,2025-04-18T22:35:00.205223,94,login,2025-04-18T21:24:00.205223,Mobile,NA,1.1,26.0,2268.0,,,36.0,,1,0,1,677,4712
Studio_2,SPG_4,SinglePlayerGame_4,singleplayer,d6042af7-9f41-42ee-a69b-5fe50f808390,player_67,2025-04-17T14:01:00.205280,2025-04-17T15:24:00.205280,83,logout,2025-04-17T14:52:00.205280,PC,SA,1.1,25.0,5448.0,,,16.0,,1,1,1,1474,4812
Studio_1,MPG_1,MultiPlayerGame_1,multiplayer,3fd9cf79-fb36-4ef5-ad74-f6d52ce1cc32,player_28,2025-04-11T02:01:00.205347,2025-04-11T02:19:00.205347,18,match_end,2025-04-11T02:04:00.205347,Mobile,AF,1.0,,,5.0,13.0,,draw,0,0,1,4353,35
Studio_1,SPG_3,SinglePlayerGame_3,singleplayer,7d905c11-284e-4b5f-b8ec-13967bb05ce4,player_48,2025-04-16T11:01:00.205417,2025-04-16T12:49:00.205417,108,match_end,2025-04-16T11:01:00.205417,Mobile,SA,1.0,34.0,9882.0,,,16.0,,0,1,1,2089,1033
Studio_4,SPG_1,SinglePlayerGame_1,singleplayer,2e20978d-f3ab-45d1-92d3-f7a7c62945a2,player_72,2025-04-28T10:01:00.205548,2025-04-28T10:10:00.205548,9,match_end,2025-04-28T10:06:00.205548,Console,NA,1.2,16.0,4911.0,,,42.0,,0,1,0,2327,3752
Studio_4,SPG_3,SinglePlayerGame_3,singleplayer,d8e974f5-9eda-4847-92a9-716bd68d7437,player_59,2025-04-08T00:01:00.205623,2025-04-08T01:03:00.205623,62,logout,2025-04-08T00:19:00.205623,PC,SA,1.0,26.0,3760.0,,,21.0,,1,1,1,4393,1951
Studio_5,SPG_2,SinglePlayerGame_2,singleplayer,c0929ac1-fbf0-4c23-a023-1b62ebb276b2,player_82,2025-04-28T20:01:00.205688,2025-04-28T21:33:00.205688,92,level_complete,2025-04-28T20:01:00.205688,Mobile,SA,1.2,22.0,3691.0,,,44.0,,0,1,1,3023,753
Studio_2,MPG_5,MultiPlayerGame_5,multiplayer,5480b902-d1a8-4c4f-961e-188848b24f06,player_16,2025-04-25T06:01:00.205755,2025-04-25T06:31:00.205755,30,match_start,2025-04-25T06:16:00.205755,Console,AF,1.2,,,1.0,21.0,,draw,0,1,0,2866,4423
Studio_3,MPG_1,MultiPlayerGame_1,multiplayer,cf26d13d-00bf-4398-8c81-2818cc57e83b,player_21,2025-04-26T13:01:00.205804,2025-04-26T14:23:00.205804,82,logout,2025-04-26T13:40:00.205804,PC,NA,1.2,,,20.0,16.0,,loss,0,1,0,834,225
Studio_4,MPG_3,MultiPlayerGame_3,multiplayer,2d0fac19-dc6d-4b84-ba5e-9621fbc7ec5f,player_25,2025-04-06T09:01:00.205850,2025-04-06T10:51:00.205850,110,logout,2025-04-06T09:07:00.205850,Console,NA,1.0,,,3.0,24.0,,loss,1,0,0,275,195
Studio_2,MPG_1,MultiPlayerGame_1,multiplayer,c65582c5-b1f5-4df4-849d-01b748fec444,player_52,2025-04-18T16:01:00.205894,2025-04-18T17:45:00.205894,104,match_start,2025-04-18T17:37:00.205894,PC,EU,1.0,,,2.0,11.0,,win,0,0,1,316,4308
Studio_5,SPG_5,SinglePlayerGame_5,singleplayer,fa5b3e73-36b9-41f6-8ad3-9b78dca087b4,player_67,2025-04-30T22:01:00.205936,2025-04-30T23:18:00.205936,77,login,2025-04-30T23:14:00.205936,Console,SA,1.2,18.0,2699.0,,,23.0,,0,1,1,1776,3271
Studio_4,SPG_5,SinglePlayerGame_5,singleplayer,d860b574-0ad8-42b7-9788-f147bc8a4e2d,player_86,2025-04-12T09:01:00.205977,2025-04-12T09:45:00.205977,44,match_end,2025-04-12T09:16:00.205977,PC,NA,1.0,18.0,1644.0,,,2.0,,0,0,1,4783,2828
Studio_2,MPG_5,MultiPlayerGame_5,multiplayer,ee67829a-befe-4123-a187-04c9d1a9e448,player_96,2025-04-23T17:01:00.206016,2025-04-23T18:02:00.206016,61,purchase,2025-04-23T17:46:00.206016,Mobile,SA,1.2,,,5.0,13.0,,draw,0,0,0,3196,237
Studio_1,MPG_2,MultiPlayerGame_2,multiplayer,1b7f4f93-f26b-400a-8aef-522f2897a04e,player_66,2025-04-23T06:01:00.206061,2025-04-23T06:35:00.206061,34,match_end,2025-04-23T06:01:00.206061,Mobile,AF,1.0,,,12.0,6.0,,loss,1,1,0,589,2590
Studio_1,SPG_3,SinglePlayerGame_3,singleplayer,a6e0fd70-0024-4179-935a-c26bb8077b45,player_96,2025-04-17T22:01:00.206103,2025-04-17T23:40:00.206103,99,login,2025-04-17T22:08:00.206103,PC,EU,1.1,4.0,3510.0,,,38.0,,0,1,0,895,4672
Studio_1,MPG_3,MultiPlayerGame_3,multiplayer,713ad447-e521-4086-ba08-4bb3f70d1823,player_80,2025-04-03T16:01:00.206157,2025-04-03T17:40:00.206157,99,level_complete,2025-04-03T16:12:00.206157,Mobile,SA,1.0,,,24.0,18.0,,win,0,1,0,3029,529
Studio_4,SPG_4,SinglePlayerGame_4,singleplayer,22b605b3-ce38-4aab-a87b-e51af5002e80,player_75,2025-04-02T10:01:00.206232,2025-04-02T11:10:00.206232,69,logout,2025-04-02T10:56:00.206232,PC,NA,1.2,3.0,4972.0,,,45.0,,1,0,0,809,4671
Studio_3,SPG_2,SinglePlayerGame_2,singleplayer,4ed730c9-9cbd-4ceb-901a-b28cba1f22fd,player_34,2025-04-14T06:01:00.206271,2025-04-14T07:33:00.206271,92,match_end,2025-04-14T07:27:00.206271,PC,EU,1.1,12.0,7647.0,,,21.0,,1,1,0,249,3827
Studio_5,MPG_1,MultiPlayerGame_1,multiplayer,d6a9999c-3061-4502-abdf-cec8b9be54d6,player_38,2025-04-04T07:01:00.206309,2025-04-04T07:44:00.206309,43,logout,2025-04-04T07:32:00.206309,Mobile,NA,1.2,,,9.0,10.0,,draw,1,1,1,2701,3959
Studio_1,MPG_1,MultiPlayerGame_1,multiplayer,c0e4ce5b-00fe-46f4-b0de-9dcde3ecf77d,player_25,2025-04-15T19:01:00.206351,2025-04-15T20:14:00.206351,73,level_complete,2025-04-15T19:55:00.206351,Mobile,NA,1.1,,,7.0,27.0,,win,0,1,0,1823,2005
Studio_5,MPG_2,MultiPlayerGame_2,multiplayer,0d5afad9-c806-4c58-958d-960aedfb0f4c,player_77,2025-04-06T05:01:00.206396,2025-04-06T05:38:00.206396,37,match_end,2025-04-06T05:31:00.206396,Console,EU,1.2,,,22.0,14.0,,loss,0,1,1,1348,2584
Studio_4,SPG_1,SinglePlayerGame_1,singleplayer,b3f42d86-c622-4da1-8c81-db694dbe1c2c,player_53,2025-04-26T14:01:00.206473,2025-04-26T15:57:00.206473,116,match_end,2025-04-26T14:29:00.206473,Mobile,AS,1.1,27.0,7485.0,,,28.0,,0,1,1,4164,3754
Studio_4,MPG_2,MultiPlayerGame_2,multiplayer,2bce2326-951a-4300-80a2-a4b46b9f6fa1,player_4,2025-04-15T12:01:00.206534,2025-04-15T12:30:00.206534,29,purchase,2025-04-15T12:21:00.206534,PC,SA,1.1,,,29.0,18.0,,win,1,1,0,2688,3544
Studio_5,SPG_2,SinglePlayerGame_2,singleplayer,6e8c38a2-a99a-4f88-8050-a39bd10c23bf,player_37,2025-04-27T07:01:00.206581,2025-04-27T07:30:00.206581,29,login,2025-04-27T07:13:00.206581,PC,EU,1.2,28.0,3829.0,,,31.0,,1,1,1,3831,3111
Studio_2,MPG_1,MultiPlayerGame_1,multiplayer,4ca1de1c-1ecb-4949-864c-aea94b59d390,player_62,2025-04-19T14:01:00.206756,2025-04-19T14:50:00.206756,49,match_start,2025-04-19T14:35:00.206756,PC,NA,1.2,,,30.0,21.0,,draw,0,0,0,4054,1244
Studio_1,SPG_2,SinglePlayerGame_2,singleplayer,0d18b0e3-3580-4da7-a992-b8c97243f887,player_82,2025-04-29T07:01:00.206859,2025-04-29T07:29:00.206859,28,purchase,2025-04-29T07:14:00.206859,Console,AS,1.0,14.0,5709.0,,,27.0,,0,0,0,293,2805
Studio_5,SPG_3,SinglePlayerGame_3,singleplayer,fe3704c9-faff-49db-a6cf-de34a8b33474,player_32,2025-04-01T05:01:00.206920,2025-04-01T05:49:00.206920,48,match_end,2025-04-01T05:12:00.206920,Console,AS,1.2,12.0,5361.0,,,35.0,,0,1,0,830,2736
Studio_2,MPG_2,MultiPlayerGame_2,multiplayer,a4447426-d535-4ecf-8ad3-8cab55cc4b6e,player_22,2025-04-03T21:01:00.206974,2025-04-03T22:00:00.206974,59,login,2025-04-03T21:18:00.206974,Console,AS,1.1,,,13.0,30.0,,draw,0,1,0,2662,4663
Studio_4,SPG_2,SinglePlayerGame_2,singleplayer,edf45512-19fe-486b-baff-95133153f0e3,player_33,2025-04-12T16:01:00.207025,2025-04-12T17:22:00.207025,81,level_start,2025-04-12T17:08:00.207025,Mobile,AS,1.1,29.0,8192.0,,,43.0,,0,0,1,1918,454
Studio_1,SPG_1,SinglePlayerGame_1,singleplayer,e29c7d7c-f48f-4893-b44b-22788de1fe42,player_89,2025-04-07T23:01:00.207076,2025-04-07T23:30:00.207076,29,logout,2025-04-07T23:14:00.207076,Console,NA,1.0,22.0,3248.0,,,40.0,,0,0,0,3566,2945
Studio_2,SPG_2,SinglePlayerGame_2,singleplayer,4f6b4ea3-b170-4362-8dd9-cc1478db3bb5,player_77,2025-04-29T01:01:00.207273,2025-04-29T02:56:00.207273,115,match_end,2025-04-29T01:31:00.207273,Console,AF,1.1,16.0,1825.0,,,28.0,,1,0,0,1001,551
Studio_2,SPG_2,SinglePlayerGame_2,singleplayer,77c9f3a3-df16-4ae4-a142-5ab3a619b219,player_44,2025-04-22T17:01:00.207437,2025-04-22T18:59:00.207437,118,match_start,2025-04-22T18:44:00.207437,PC,AF,1.0,25.0,7998.0,,,44.0,,1,1,1,562,3426
Studio_2,SPG_4,SinglePlayerGame_4,singleplayer,a4337d50-ae18-42d9-956e-08be996e0bae,player_58,2025-04-06T20:01:00.207529,2025-04-06T22:00:00.207529,119,purchase,2025-04-06T20:23:00.207529,PC,AS,1.1,22.0,8189.0,,,20.0,,0,1,1,3372,2197
Studio_3,SPG_3,SinglePlayerGame_3,singleplayer,7fa31302-6b5f-4aaf-953d-4202e642c290,player_95,2025-04-28T14:01:00.207588,2025-04-28T15:15:00.207588,74,purchase,2025-04-28T14:02:00.207588,Mobile,AF,1.0,35.0,744.0,,,17.0,,1,0,0,4810,2874
Studio_4,SPG_5,SinglePlayerGame_5,singleplayer,e22e152a-c4dd-4702-9c35-d5b6c29e6f50,player_24,2025-04-24T05:01:00.207661,2025-04-24T06:50:00.207661,109,match_start,2025-04-24T06:34:00.207661,PC,AS,1.1,7.0,2379.0,,,50.0,,0,1,0,919,3987
Studio_2,MPG_5,MultiPlayerGame_5,multiplayer,83b3f222-4f03-47bf-805f-e9e455b96f3b,player_10,2025-04-18T13:01:00.207743,2025-04-18T14:31:00.207743,90,purchase,2025-04-18T13:04:00.207743,Mobile,AS,1.1,,,4.0,19.0,,win,0,0,0,85,3581
Studio_4,MPG_5,MultiPlayerGame_5,multiplayer,378802be-c6ab-4536-a88b-c7cf9680e779,player_6,2025-04-30T14:01:00.207803,2025-04-30T15:32:00.207803,91,level_complete,2025-04-30T14:09:00.207803,PC,NA,1.0,,,21.0,27.0,,win,1,0,0,3682,2789
Studio_1,SPG_3,SinglePlayerGame_3,singleplayer,1bd563a0-d78a-4f5f-9b59-2c1318d9f173,player_75,2025-04-01T09:01:00.207874,2025-04-01T09:56:00.207874,55,logout,2025-04-01T09:48:00.207874,Mobile,AF,1.1,2.0,8500.0,,,21.0,,0,0,1,20,3874
Studio_1,MPG_2,MultiPlayerGame_2,multiplayer,fa73715b-53ef-4906-8a66-f77bf9e784af,player_32,2025-04-15T02:01:00.207947,2025-04-15T02:20:00.207947,19,level_start,2025-04-15T02:10:00.207947,Console,SA,1.0,,,24.0,3.0,,draw,1,0,1,533,3217
Studio_4,MPG_5,MultiPlayerGame_5,multiplayer,e7532011-dad6-47c4-8192-500055ee07ed,player_65,2025-04-24T22:01:00.208005,2025-04-24T23:12:00.208005,71,logout,2025-04-24T22:04:00.208005,PC,EU,1.0,,,7.0,7.0,,draw,1,1,1,175,1518
Studio_5,MPG_3,MultiPlayerGame_3,multiplayer,c5e3ca00-79bc-4d04-a329-64065d09ec1d,player_95,2025-04-18T06:01:00.208067,2025-04-18T07:58:00.208067,117,level_complete,2025-04-18T07:09:00.208067,Mobile,SA,1.0,,,13.0,24.0,,draw,1,0,0,151,1587
Studio_3,MPG_2,MultiPlayerGame_2,multiplayer,2eb41a2d-d057-4e6f-9f9d-df4ea8f7a8f4,player_95,2025-04-27T15:01:00.208124,2025-04-27T15:40:00.208124,39,purchase,2025-04-27T15:22:00.208124,Mobile,AF,1.2,,,28.0,20.0,,draw,1,0,0,631,1066
Studio_2,MPG_1,MultiPlayerGame_1,multiplayer,82f79531-ccfa-4f4e-9d8d-5088e66d17c0,player_92,2025-04-21T13:01:00.208204,2025-04-21T13:53:00.208204,52,login,2025-04-21T13:53:00.208204,Mobile,EU,1.0,,,26.0,10.0,,loss,0,0,0,4335,803
Studio_3,SPG_4,SinglePlayerGame_4,singleplayer,b5b11ce3-848c-4e8e-a2aa-3b3339752911,player_99,2025-04-20T19:01:00.208275,2025-04-20T19:43:00.208275,42,match_end,2025-04-20T19:12:00.208275,PC,SA,1.2,12.0,9708.0,,,46.0,,1,0,0,3292,2699
Studio_3,SPG_2,SinglePlayerGame_2,singleplayer,3f481bf8-fbbe-4de0-a70b-bf5b80ccb93f,player_20,2025-04-11T02:01:00.208334,2025-04-11T03:53:00.208334,112,level_start,2025-04-11T02:54:00.208334,Console,SA,1.0,29.0,8060.0,,,4.0,,1,0,0,3665,546
Studio_4,SPG_3,SinglePlayerGame_3,singleplayer,21f3c6c8-56cd-46bf-97d3-0e32c5ec51ac,player_61,2025-04-22T00:01:00.208405,2025-04-22T00:35:00.208405,34,logout,2025-04-22T00:15:00.208405,Mobile,AS,1.2,21.0,4065.0,,,8.0,,0,1,1,3992,586
Studio_4,SPG_4,SinglePlayerGame_4,singleplayer,a3696879-7dac-4882-ae0c-449135c2ced2,player_3,2025-04-09T21:01:00.208490,2025-04-09T22:26:00.208490,85,level_complete,2025-04-09T21:58:00.208490,PC,EU,1.1,46.0,6291.0,,,38.0,,1,1,1,1955,28
Studio_4,SPG_2,SinglePlayerGame_2,singleplayer,2a6755ac-b136-4567-a941-c2e129fd004b,player_16,2025-04-27T10:01:00.208559,2025-04-27T11:37:00.208559,96,purchase,2025-04-27T11:19:00.208559,Console,NA,1.0,37.0,8752.0,,,35.0,,1,1,0,2559,457
Studio_5,MPG_2,MultiPlayerGame_2,multiplayer,19757fd0-9913-415b-b938-9c8b09308c5c,player_9,2025-04-14T12:01:00.208627,2025-04-14T12:58:00.208627,57,level_complete,2025-04-14T12:15:00.208627,Mobile,AS,1.2,,,25.0,14.0,,draw,1,0,1,463,1950
Studio_3,SPG_4,SinglePlayerGame_4,singleplayer,defac6c3-4fd1-46be-871e-96d41f6ad402,player_26,2025-04-02T17:01:00.208682,2025-04-02T18:57:00.208682,116,login,2025-04-02T17:46:00.208682,Console,SA,1.2,23.0,596.0,,,22.0,,1,1,1,3744,3524
Studio_2,MPG_4,MultiPlayerGame_4,multiplayer,2bcb9f3d-0ac9-41db-af17-91638b4ae146,player_43,2025-04-04T20:01:00.208760,2025-04-04T20:28:00.208760,27,match_start,2025-04-04T20:07:00.208760,Mobile,SA,1.1,,,29.0,12.0,,draw,0,0,0,4542,4321
Studio_5,MPG_3,MultiPlayerGame_3,multiplayer,294666ad-15b4-4f26-b16f-abb1ad283f62,player_43,2025-04-24T14:01:00.208833,2025-04-24T14:24:00.208833,23,level_complete,2025-04-24T14:14:00.208833,PC,EU,1.1,,,4.0,24.0,,loss,1,1,0,2895,3556
Studio_4,MPG_5,MultiPlayerGame_5,multiplayer,5f768b42-684e-47c6-a4d0-49467dc42c26,player_72,2025-04-25T13:01:00.208890,2025-04-25T13:07:00.208890,6,match_start,2025-04-25T13:03:00.208890,Mobile,AF,1.2,,,29.0,1.0,,draw,0,0,0,4077,2556
Studio_5,MPG_5,MultiPlayerGame_5,multiplayer,be8276cd-6447-4645-8f3c-650164c8a70b,player_5,2025-04-22T00:01:00.208957,2025-04-22T00:48:00.208957,47,logout,2025-04-22T00:44:00.208957,Console,SA,1.0,,,14.0,23.0,,loss,1,1,1,2137,2939
Studio_1,SPG_4,SinglePlayerGame_4,singleplayer,645b4224-ec3a-4276-aa09-1a56fa5f1eaa,player_6,2025-04-29T14:01:00.209014,2025-04-29T15:01:00.209014,60,match_end,2025-04-29T14:44:00.209014,Mobile,AS,1.0,16.0,6236.0,,,15.0,,0,0,0,391,252
Studio_5,SPG_4,SinglePlayerGame_4,singleplayer,8034a6ad-6be1-42bb-92f4-aa6d04ffcffe,player_95,2025-04-08T11:01:00.209247,2025-04-08T12:28:00.209247,87,match_end,2025-04-08T11:34:00.209247,Mobile,SA,1.1,37.0,8052.0,,,1.0,,1,1,1,2253,2970
Studio_3,SPG_2,SinglePlayerGame_2,singleplayer,c823a7a9-b3b4-4b86-9e99-7c3bbc60ccac,player_90,2025-04-19T01:01:00.209324,2025-04-19T02:03:00.209324,62,level_start,2025-04-19T02:01:00.209324,Console,NA,1.0,47.0,4487.0,,,36.0,,1,1,1,3599,311
Studio_1,MPG_5,MultiPlayerGame_5,multiplayer,7acd7d3c-7190-4194-9906-d83e8d618a05,player_65,2025-04-21T10:01:00.209400,2025-04-21T11:52:00.209400,111,purchase,2025-04-21T11:01:00.209400,PC,NA,1.0,,,0.0,7.0,,loss,1,1,0,3710,1275
Studio_1,SPG_1,SinglePlayerGame_1,singleplayer,2402ad06-1737-4729-931f-ed118cd01b4a,player_9,2025-04-07T14:01:00.209461,2025-04-07T14:52:00.209461,51,match_end,2025-04-07T14:23:00.209461,PC,NA,1.2,10.0,9478.0,,,19.0,,0,0,0,1645,582
Studio_2,SPG_2,SinglePlayerGame_2,singleplayer,bd80560b-f539-4db1-a29c-7a3d422ead78,player_77,2025-04-08T12:01:00.209540,2025-04-08T12:07:00.209540,6,match_end,2025-04-08T12:01:00.209540,Mobile,NA,1.1,25.0,1936.0,,,15.0,,1,0,0,1101,2870
Studio_5,MPG_5,MultiPlayerGame_5,multiplayer,4b310207-8c85-4bab-bc9f-48a964041d0a,player_80,2025-04-24T03:01:00.209582,2025-04-24T03:20:00.209582,19,level_complete,2025-04-24T03:08:00.209582,Mobile,AF,1.0,,,20.0,30.0,,loss,1,1,0,4889,1527
Studio_3,SPG_3,SinglePlayerGame_3,singleplayer,ebcad039-f5ef-4e3d-b906-b5a8d9f80c23,player_95,2025-04-07T06:01:00.209698,2025-04-07T06:38:00.209698,37,purchase,2025-04-07T06:01:00.209698,Mobile,EU,1.1,6.0,641.0,,,24.0,,0,0,0,1921,3206
Studio_3,SPG_3,SinglePlayerGame_3,singleplayer,d2654b13-f652-4fd9-bcbe-f86884cf2a65,player_44,2025-04-06T17:01:00.209772,2025-04-06T18:02:00.209772,61,login,2025-04-06T17:09:00.209772,Mobile,AS,1.0,34.0,1545.0,,,24.0,,0,0,1,1187,2310
Studio_5,MPG_1,MultiPlayerGame_1,multiplayer,ffab766b-62f1-4f6e-9dea-319fbac5866e,player_71,2025-04-11T17:01:00.209837,2025-04-11T17:33:00.209837,32,login,2025-04-11T17:30:00.209837,Console,EU,1.1,,,25.0,10.0,,draw,1,0,0,2841,2482
Studio_5,SPG_5,SinglePlayerGame_5,singleplayer,c2ff8349-5efa-4578-a6db-406a8e0c3373,player_66,2025-04-08T06:01:00.209911,2025-04-08T07:27:00.209911,86,login,2025-04-08T06:12:00.209911,Console,AF,1.2,20.0,4903.0,,,42.0,,1,0,0,2622,3972
Studio_4,SPG_2,SinglePlayerGame_2,singleplayer,87dfa19f-c2cf-4e78-9d84-a9f55585ae15,player_25,2025-04-29T04:01:00.209975,2025-04-29T04:49:00.209975,48,level_complete,2025-04-29T04:23:00.209975,Mobile,NA,1.1,7.0,5606.0,,,47.0,,1,1,1,3264,1316
Studio_2,MPG_3,MultiPlayerGame_3,multiplayer,f8bbf7bc-2564-41ec-b657-b0993865a87a,player_14,2025-04-26T07:01:00.210052,2025-04-26T07:58:00.210052,57,login,2025-04-26T07:13:00.210052,PC,EU,1.2,,,26.0,29.0,,draw,1,0,0,2886,4490
Studio_4,MPG_2,MultiPlayerGame_2,multiplayer,35eb1257-3286-4fa7-af2c-bdf242212a92,player_5,2025-04-08T14:01:00.210125,2025-04-08T15:46:00.210125,105,purchase,2025-04-08T14:43:00.210125,Mobile,AS,1.1,,,30.0,27.0,,loss,0,0,0,3982,1881
Studio_5,MPG_3,MultiPlayerGame_3,multiplayer,b1394124-a6fc-4c55-8761-0fbae2df5e02,player_6,2025-04-29T18:01:00.210192,2025-04-29T19:43:00.210192,102,purchase,2025-04-29T18:53:00.210192,Console,SA,1.0,,,11.0,1.0,,loss,0,1,0,4095,3103
Studio_2,SPG_5,SinglePlayerGame_5,singleplayer,23b6dc2d-2861-442d-9b9d-cf83ec9fe3e6,player_64,2025-04-13T17:01:00.210250,2025-04-13T18:00:00.210250,59,purchase,2025-04-13T17:50:00.210250,Mobile,SA,1.0,22.0,631.0,,,28.0,,0,1,0,2670,2818
Studio_1,MPG_3,MultiPlayerGame_3,multiplayer,8afde21f-1559-4a88-9a7c-5b61e5f77704,player_98,2025-04-05T10:01:00.210312,2025-04-05T10:19:00.210312,18,purchase,2025-04-05T10:13:00.210312,Mobile,AF,1.0,,,7.0,4.0,,loss,0,0,0,4478,3055
Studio_2,SPG_4,SinglePlayerGame_4,singleplayer,c24066fb-fd65-447c-a6f0-741848f9f69c,player_25,2025-04-13T06:01:00.210349,2025-04-13T07:06:00.210349,65,match_start,2025-04-13T06:31:00.210349,Console,AF,1.0,33.0,975.0,,,13.0,,1,1,0,2703,4525
Studio_3,MPG_1,MultiPlayerGame_1,multiplayer,df18a3ca-f360-4696-ae9a-4df29f28537d,player_29,2025-04-29T11:01:00.210394,2025-04-29T11:25:00.210394,24,level_complete,2025-04-29T11:08:00.210394,Mobile,EU,1.0,,,11.0,25.0,,win,1,0,0,3476,3740
Studio_1,SPG_5,SinglePlayerGame_5,singleplayer,c4426be9-ca84-4afe-b775-af0881d0db8d,player_79,2025-04-18T23:01:00.210434,2025-04-18T23:40:00.210434,39,purchase,2025-04-18T23:12:00.210434,Mobile,EU,1.2,46.0,1847.0,,,6.0,,0,0,1,1257,526
Studio_1,SPG_5,SinglePlayerGame_5,singleplayer,bc783164-ea71-41df-998f-b67ea8ce1e37,player_12,2025-04-01T00:01:00.210470,2025-04-01T01:28:00.210470,87,match_start,2025-04-01T00:42:00.210470,PC,NA,1.0,50.0,984.0,,,46.0,,0,1,0,855,3310
Studio_4,MPG_5,MultiPlayerGame_5,multiplayer,46be36b6-eb3f-437d-ac92-cfc084363c7a,player_17,2025-04-21T22:01:00.210507,2025-04-21T23:04:00.210507,63,logout,2025-04-21T22:21:00.210507,PC,EU,1.0,,,4.0,26.0,,win,1,1,0,1989,1868
Studio_3,MPG_4,MultiPlayerGame_4,multiplayer,ba5ce966-3710-4538-a7f5-f978f9f3528f,player_96,2025-04-13T04:01:00.210545,2025-04-13T05:30:00.210545,89,level_complete,2025-04-13T05:10:00.210545,PC,AF,1.1,,,9.0,29.0,,draw,1,0,1,221,2328
Studio_3,SPG_4,SinglePlayerGame_4,singleplayer,95a37a35-642e-4796-81bb-a8c734eb532f,player_11,2025-04-21T11:01:00.210596,2025-04-21T12:44:00.210596,103,match_start,2025-04-21T12:38:00.210596,Mobile,NA,1.1,38.0,2433.0,,,1.0,,1,1,0,4922,2212
Studio_5,SPG_1,SinglePlayerGame_1,singleplayer,7b978ec0-1b7b-4a36-8ac9-e3912aba3fcf,player_90,2025-04-27T14:01:00.210638,2025-04-27T15:20:00.210638,79,level_complete,2025-04-27T14:09:00.210638,PC,AS,1.1,32.0,5883.0,,,9.0,,0,0,1,4094,2075
Studio_5,SPG_3,SinglePlayerGame_3,singleplayer,fcc8e178-686a-4c51-9237-790902f43508,player_17,2025-04-14T08:01:00.210676,2025-04-14T09:00:00.210676,59,match_start,2025-04-14T08:57:00.210676,PC,NA,1.0,5.0,2768.0,,,16.0,,1,0,1,1069,3994
Studio_1,MPG_3,MultiPlayerGame_3,multiplayer,b8590f1b-11be-48bf-84ef-bda25d9c4795,player_67,2025-04-11T21:01:00.210716,2025-04-11T22:30:00.210716,89,level_complete,2025-04-11T21:37:00.210716,Mobile,EU,1.2,,,6.0,17.0,,loss,1,1,0,3781,2895
Studio_3,MPG_5,MultiPlayerGame_5,multiplayer,b9f2e700-c762-4f0c-8505-89870ad005e0,player_94,2025-04-10T01:01:00.210752,2025-04-10T02:43:00.210752,102,purchase,2025-04-10T01:50:00.210752,PC,AF,1.0,,,18.0,9.0,,win,1,1,1,1407,1073
Studio_3,MPG_1,MultiPlayerGame_1,multiplayer,153866fb-c27b-42f9-ab43-c41578bc53f3,player_42,2025-04-17T20:01:00.210794,2025-04-17T21:04:00.210794,63,match_end,2025-04-17T20:56:00.210794,Console,AF,1.1,,,14.0,6.0,,win,1,0,1,4414,4297
Studio_2,MPG_4,MultiPlayerGame_4,multiplayer,704c3a97-7a57-424d-bf7e-b2710a82eda5,player_31,2025-04-05T09:01:00.210856,2025-04-05T10:23:00.210856,82,match_start,2025-04-05T10:18:00.210856,Mobile,AF,1.2,,,15.0,1.0,,win,1,0,1,3204,2909
Studio_3,SPG_5,SinglePlayerGame_5,singleplayer,6868bd14-f129-4f10-88e7-d48f5c6e6111,player_78,2025-04-15T06:01:00.210899,2025-04-15T06:10:00.210899,9,logout,2025-04-15T06:10:00.210899,Mobile,EU,1.2,24.0,5297.0,,,44.0,,0,0,1,4856,947
Studio_3,SPG_5,SinglePlayerGame_5,singleplayer,1f2c705c-525a-4988-968d-cfa60e09d2bf,player_63,2025-04-11T15:01:00.210937,2025-04-11T16:36:00.210937,95,level_complete,2025-04-11T16:03:00.210937,Console,AS,1.2,10.0,7495.0,,,12.0,,1,1,0,825,4280
Studio_5,MPG_5,MultiPlayerGame_5,multiplayer,30607442-bb30-45a7-a397-99c3984f2466,player_75,2025-04-16T00:01:00.211001,2025-04-16T01:19:00.211001,78,match_start,2025-04-16T00:56:00.211001,Mobile,SA,1.0,,,24.0,20.0,,win,1,0,0,4054,1443
Studio_2,SPG_3,SinglePlayerGame_3,singleplayer,42b874fe-0ddb-43ac-aeac-f1f651e6e88e,player_38,2025-04-21T05:01:00.211277,2025-04-21T05:45:00.211277,44,purchase,2025-04-21T05:22:00.211277,PC,AS,1.0,20.0,5629.0,,,37.0,,1,1,1,3907,3290
Studio_2,SPG_5,SinglePlayerGame_5,singleplayer,8645f8d9-b018-4c57-a5c9-e3bf7fdfb634,player_41,2025-04-08T04:01:00.211408,2025-04-08T05:11:00.211408,70,level_complete,2025-04-08T05:00:00.211408,Console,SA,1.2,50.0,2549.0,,,46.0,,0,0,1,2933,2985
Studio_4,MPG_3,MultiPlayerGame_3,multiplayer,831e0c8e-4a6f-46ee-b41f-6d585e21df29,player_20,2025-04-14T07:01:00.211472,2025-04-14T07:14:00.211472,13,match_start,2025-04-14T07:10:00.211472,Console,SA,1.0,,,28.0,29.0,,win,1,0,1,1415,1215
Studio_3,SPG_5,SinglePlayerGame_5,singleplayer,9d6dc2b5-ecdc-41be-8b64-136f59ada083,player_41,2025-04-13T08:01:00.211564,2025-04-13T09:19:00.211564,78,logout,2025-04-13T08:51:00.211564,Console,EU,1.0,12.0,3083.0,,,4.0,,0,1,0,837,707
Studio_4,SPG_1,SinglePlayerGame_1,singleplayer,34ce59bb-ca19-4d7c-ad38-e000a668eef4,player_75,2025-04-18T11:01:00.211624,2025-04-18T13:01:00.211624,120,match_end,2025-04-18T11:03:00.211624,PC,NA,1.2,17.0,107.0,,,48.0,,1,0,1,2295,4759
Studio_2,SPG_1,SinglePlayerGame_1,singleplayer,9b847266-9886-4b55-8f66-75fa5222b476,player_57,2025-04-06T08:01:00.211709,2025-04-06T09:35:00.211709,94,match_end,2025-04-06T09:04:00.211709,PC,EU,1.1,22.0,919.0,,,18.0,,1,1,1,842,130
Studio_5,SPG_1,SinglePlayerGame_1,singleplayer,5cbbcd11-21b0-42bd-b227-db4ab2acaeda,player_75,2025-04-13T15:01:00.211769,2025-04-13T15:41:00.211769,40,login,2025-04-13T15:25:00.211769,Console,AF,1.0,38.0,894.0,,,42.0,,1,0,0,4147,3439
Studio_1,SPG_2,SinglePlayerGame_2,singleplayer,2f3e77de-ed14-4020-8937-628d14f5b538,player_39,2025-04-18T14:01:00.211838,2025-04-18T14:27:00.211838,26,match_start,2025-04-18T14:04:00.211838,Console,SA,1.1,43.0,2669.0,,,14.0,,1,0,0,550,2559
Studio_1,SPG_5,SinglePlayerGame_5,singleplayer,e524e442-3ab2-40dd-bb41-06d6195d4559,player_14,2025-04-25T19:01:00.211892,2025-04-25T20:07:00.211892,66,logout,2025-04-25T19:46:00.211892,Console,EU,1.1,10.0,2345.0,,,37.0,,1,0,0,2576,3315
Studio_4,MPG_5,MultiPlayerGame_5,multiplayer,fee35b98-43a1-4106-8a03-7261d427eca0,player_93,2025-04-20T06:01:00.211953,2025-04-20T06:13:00.211953,12,match_end,2025-04-20T06:12:00.211953,Console,SA,1.2,,,15.0,1.0,,loss,0,0,0,3915,4786
Studio_2,SPG_3,SinglePlayerGame_3,singleplayer,78994d2a-b5d8-46e7-abc7-303d847f7fb4,player_63,2025-04-12T12:01:00.212080,2025-04-12T13:35:00.212080,94,login,2025-04-12T12:33:00.212080,PC,AF,1.1,35.0,6540.0,,,10.0,,0,0,0,2421,1725
Studio_2,SPG_3,SinglePlayerGame_3,singleplayer,e4bf3078-acda-4f93-a92d-c38ca08829e3,player_66,2025-04-29T12:01:00.212184,2025-04-29T13:04:00.212184,63,match_start,2025-04-29T12:59:00.212184,Console,AF,1.0,22.0,1648.0,,,46.0,,1,0,1,3702,4993
Studio_2,SPG_1,SinglePlayerGame_1,singleplayer,f5a3d1f8-533a-4f06-9037-6a2baac414cb,player_32,2025-04-15T20:01:00.212282,2025-04-15T20:39:00.212282,38,match_end,2025-04-15T20:02:00.212282,Console,AS,1.1,39.0,8199.0,,,20.0,,1,1,0,4163,3516
Studio_1,MPG_5,MultiPlayerGame_5,multiplayer,ebbc3cd4-fe93-4864-806d-eb712cd8450d,player_26,2025-04-16T21:01:00.212372,2025-04-16T22:03:00.212372,62,logout,2025-04-16T21:35:00.212372,PC,EU,1.1,,,13.0,14.0,,loss,1,0,1,2465,1876
Studio_3,SPG_5,SinglePlayerGame_5,singleplayer,7e150592-7b54-4ade-9067-eeb6f1fd814c,player_80,2025-04-03T07:01:00.212456,2025-04-03T08:17:00.212456,76,match_start,2025-04-03T08:14:00.212456,Console,NA,1.2,33.0,5918.0,,,0.0,,0,0,0,170,3743
Studio_3,MPG_2,MultiPlayerGame_2,multiplayer,e4feaa7b-60ac-4963-9dae-9c9bc2f05d18,player_38,2025-04-23T18:01:00.212522,2025-04-23T18:56:00.212522,55,level_complete,2025-04-23T18:07:00.212522,PC,NA,1.2,,,12.0,26.0,,draw,1,0,1,854,4976
Studio_3,SPG_5,SinglePlayerGame_5,singleplayer,d962559a-a4d8-4893-9f0a-d616e634355c,player_44,2025-04-25T03:01:00.212650,2025-04-25T03:15:00.212650,14,purchase,2025-04-25T03:13:00.212650,PC,AS,1.2,42.0,6761.0,,,4.0,,1,0,1,604,736
Studio_2,MPG_4,MultiPlayerGame_4,multiplayer,ec90475f-09c0-4881-a0d8-3aa41cb8163d,player_32,2025-04-13T22:01:00.212794,2025-04-13T23:05:00.212794,64,match_start,2025-04-13T22:25:00.212794,Console,AS,1.0,,,27.0,6.0,,loss,0,0,1,4441,4978
Studio_2,SPG_2,SinglePlayerGame_2,singleplayer,d0398657-bd09-4bea-8468-ad97f19aaaa8,player_16,2025-04-18T08:01:00.212893,2025-04-18T08:30:00.212893,29,match_end,2025-04-18T08:12:00.212893,Console,SA,1.0,46.0,8723.0,,,3.0,,0,0,1,3848,4523
Studio_3,SPG_5,SinglePlayerGame_5,singleplayer,8b705e85-536a-4a28-a17d-bf1bb751bfb9,player_25,2025-04-24T21:01:00.213061,2025-04-24T22:28:00.213061,87,match_start,2025-04-24T21:15:00.213061,Console,EU,1.0,27.0,135.0,,,43.0,,0,0,1,887,3032
Studio_5,SPG_1,SinglePlayerGame_1,singleplayer,18666e06-56f1-4040-9825-6e36b8960cad,player_13,2025-04-16T07:01:00.213168,2025-04-16T08:36:00.213168,95,logout,2025-04-16T08:27:00.213168,Console,SA,1.0,13.0,4636.0,,,48.0,,0,1,0,4730,990
Studio_2,MPG_1,MultiPlayerGame_1,multiplayer,5f355d51-5b69-446f-af46-8ffbfd965699,player_68,2025-04-18T06:01:00.213239,2025-04-18T06:12:00.213239,11,level_complete,2025-04-18T06:05:00.213239,Console,NA,1.1,,,27.0,16.0,,draw,0,0,1,1125,4953
Studio_2,MPG_5,MultiPlayerGame_5,multiplayer,ab35c3fe-8725-44e5-a411-1415c0b7f0d8,player_51,2025-04-07T23:01:00.213297,2025-04-08T00:56:00.213297,115,level_start,2025-04-08T00:20:00.213297,PC,AF,1.1,,,25.0,13.0,,win,1,0,1,692,11
Studio_3,MPG_5,MultiPlayerGame_5,multiplayer,a00d4ea9-836f-44d1-b5d7-b019a5ad3452,player_66,2025-04-30T20:01:00.213355,2025-04-30T21:51:00.213355,110,purchase,2025-04-30T21:37:00.213355,Console,AS,1.2,,,20.0,7.0,,draw,1,0,0,3270,1573
Studio_1,MPG_5,MultiPlayerGame_5,multiplayer,55119791-28b2-4d63-b167-5772988fce5c,player_53,2025-04-11T17:01:00.213401,2025-04-11T18:32:00.213401,91,level_complete,2025-04-11T17:44:00.213401,PC,AF,1.1,,,24.0,6.0,,draw,1,1,1,175,4107
Studio_2,SPG_5,SinglePlayerGame_5,singleplayer,c360c09c-7aea-426b-b4d6-aa3244b494da,player_92,2025-04-06T17:01:00.213486,2025-04-06T17:40:00.213486,39,level_complete,2025-04-06T17:11:00.213486,Mobile,AS,1.1,5.0,8669.0,,,6.0,,1,0,0,1702,4088
Studio_3,MPG_2,MultiPlayerGame_2,multiplayer,a043f814-c5d1-4a81-bf15-9cdcc2291277,player_26,2025-04-24T16:01:00.213553,2025-04-24T16:56:00.213553,55,login,2025-04-24T16:51:00.213553,PC,EU,1.0,,,24.0,1.0,,win,1,0,0,2375,1501
Studio_1,MPG_1,MultiPlayerGame_1,multiplayer,6ae93d4c-fe94-486c-bd52-0fb4888d4389,player_21,2025-04-15T19:01:00.213637,2025-04-15T19:12:00.213637,11,login,2025-04-15T19:03:00.213637,PC,NA,1.1,,,14.0,29.0,,draw,1,1,0,3157,2796
Studio_2,MPG_2,MultiPlayerGame_2,multiplayer,baf3b3c7-5af6-4330-8e83-19ee836528d8,player_80,2025-04-10T06:01:00.213717,2025-04-10T06:19:00.213717,18,level_complete,2025-04-10T06:12:00.213717,PC,NA,1.2,,,15.0,13.0,,draw,1,1,1,3836,827
Studio_3,SPG_2,SinglePlayerGame_2,singleplayer,84d72528-0f10-429f-9460-bcbf4d3c2d2b,player_43,2025-04-10T08:01:00.213792,2025-04-10T09:17:00.213792,76,logout,2025-04-10T08:55:00.213792,Console,SA,1.0,3.0,4786.0,,,18.0,,1,1,0,1168,1622
Studio_1,MPG_4,MultiPlayerGame_4,multiplayer,20e5b61f-a583-487d-90df-5d9a35918b96,player_5,2025-04-14T05:01:00.213851,2025-04-14T06:17:00.213851,76,logout,2025-04-14T05:27:00.213851,Console,SA,1.0,,,12.0,21.0,,loss,1,0,0,1206,1181
Studio_1,SPG_3,SinglePlayerGame_3,singleplayer,66f1e585-3178-4a8f-bfcf-b61e5de28aea,player_51,2025-04-22T05:01:00.213916,2025-04-22T06:56:00.213916,115,purchase,2025-04-22T06:39:00.213916,PC,SA,1.2,2.0,53.0,,,44.0,,0,1,1,3018,4015
Studio_1,SPG_2,SinglePlayerGame_2,singleplayer,9b34bcdd-f36d-456c-a0be-520916364fac,player_52,2025-04-15T17:01:00.213979,2025-04-15T18:20:00.213979,79,logout,2025-04-15T17:05:00.213979,Mobile,AF,1.2,47.0,7969.0,,,32.0,,1,0,1,1563,1476
Studio_3,MPG_3,MultiPlayerGame_3,multiplayer,36cb8306-3818-4ba0-94f8-33a64fd4c3de,player_27,2025-04-20T07:01:00.214041,2025-04-20T07:19:00.214041,18,logout,2025-04-20T07:03:00.214041,Console,NA,1.2,,,17.0,1.0,,draw,0,1,1,2714,3581
Studio_5,MPG_1,MultiPlayerGame_1,multiplayer,065f273c-1c2d-4f42-8b3a-e2aaac97f9ca,player_32,2025-04-09T21:01:00.214099,2025-04-09T21:08:00.214099,7,match_end,2025-04-09T21:04:00.214099,Mobile,SA,1.0,,,29.0,24.0,,draw,1,0,1,3181,1632
Studio_5,SPG_4,SinglePlayerGame_4,singleplayer,1f96ed7a-9575-4dbe-8cd3-d3be98be68f4,player_32,2025-04-13T08:01:00.214161,2025-04-13T09:05:00.214161,64,match_start,2025-04-13T08:22:00.214161,PC,SA,1.2,30.0,3139.0,,,28.0,,1,1,0,4376,3463
Studio_5,MPG_2,MultiPlayerGame_2,multiplayer,15e5650e-6bb0-40bd-8ccf-822d4909e278,player_21,2025-04-27T18:01:00.214292,2025-04-27T19:06:00.214292,65,match_end,2025-04-27T18:26:00.214292,Console,SA,1.0,,,8.0,11.0,,draw,1,1,1,2889,1166
Studio_2,SPG_1,SinglePlayerGame_1,singleplayer,8b742b02-7e1d-45de-a3e0-5e166ad8dc3b,player_59,2025-04-17T11:01:00.214414,2025-04-17T11:16:00.214414,15,logout,2025-04-17T11:01:00.214414,PC,AS,1.2,29.0,116.0,,,47.0,,0,0,1,4222,3989
Studio_5,SPG_5,SinglePlayerGame_5,singleplayer,93750187-e1fa-4436-a7c1-1ceac3fa0d52,player_70,2025-04-10T04:01:00.214467,2025-04-10T05:35:00.214467,94,purchase,2025-04-10T04:02:00.214467,PC,AS,1.1,23.0,6506.0,,,21.0,,1,0,1,2572,2321
Studio_4,MPG_1,MultiPlayerGame_1,multiplayer,ebe1384b-5514-40ce-92af-f1f7f49f8b73,player_77,2025-04-07T09:01:00.214558,2025-04-07T10:36:00.214558,95,logout,2025-04-07T10:07:00.214558,Mobile,NA,1.0,,,0.0,21.0,,draw,1,0,0,4778,1105
Studio_5,MPG_5,MultiPlayerGame_5,multiplayer,60c31e86-973f-4e38-851e-17a16a35772d,player_89,2025-04-02T20:01:00.214633,2025-04-02T20:23:00.214633,22,match_start,2025-04-02T20:12:00.214633,PC,SA,1.0,,,12.0,5.0,,loss,0,1,1,1995,3947
Studio_1,SPG_5,SinglePlayerGame_5,singleplayer,db6d198e-a40e-4c57-ad84-583689d04c4a,player_26,2025-04-09T06:01:00.214679,2025-04-09T06:49:00.214679,48,match_start,2025-04-09T06:45:00.214679,Mobile,AF,1.2,14.0,9241.0,,,38.0,,0,1,0,4556,4705
Studio_5,SPG_2,SinglePlayerGame_2,singleplayer,fb6f6e18-300a-4787-937f-f562713f4a8b,player_53,2025-04-03T08:01:00.214739,2025-04-03T08:21:00.214739,20,purchase,2025-04-03T08:04:00.214739,PC,AF,1.2,26.0,9068.0,,,37.0,,0,0,0,155,4791
Studio_4,SPG_3,SinglePlayerGame_3,singleplayer,067325ab-985f-4103-84a0-cd3aacb3991a,player_21,2025-04-27T22:01:00.214800,2025-04-27T23:20:00.214800,79,purchase,2025-04-27T23:16:00.214800,Mobile,EU,1.0,23.0,8484.0,,,47.0,,1,0,0,484,106
Studio_1,MPG_3,MultiPlayerGame_3,multiplayer,0e9c8951-6042-4e2f-9158-3a80ad39407a,player_51,2025-04-19T20:01:00.214893,2025-04-19T21:50:00.214893,109,logout,2025-04-19T20:53:00.214893,Console,NA,1.1,,,21.0,12.0,,loss,1,0,1,3751,1145
Studio_2,MPG_4,MultiPlayerGame_4,multiplayer,0edbb8b9-df90-4142-93b4-03f4f5ba6f05,player_3,2025-04-14T09:01:00.214964,2025-04-14T10:34:00.214964,93,level_complete,2025-04-14T10:00:00.214964,Mobile,SA,1.2,,,11.0,12.0,,loss,0,0,1,1939,4857
Studio_1,SPG_4,SinglePlayerGame_4,singleplayer,42d6a689-1649-420b-9b00-21a2a4c82aa4,player_23,2025-04-25T16:01:00.215040,2025-04-25T16:18:00.215040,17,logout,2025-04-25T16:04:00.215040,Console,AS,1.1,39.0,3661.0,,,48.0,,1,0,0,4846,626
Studio_3,SPG_2,SinglePlayerGame_2,singleplayer,fa93d0f6-4f9a-48df-9b89-3d6f920bd7e9,player_7,2025-04-23T20:01:00.215090,2025-04-23T21:57:00.215090,116,level_start,2025-04-23T21:45:00.215090,Console,SA,1.2,1.0,3379.0,,,20.0,,0,1,1,2033,1839
Studio_5,MPG_1,MultiPlayerGame_1,multiplayer,d55b058a-dd78-47b8-9af9-d4ddb0602bb4,player_20,2025-04-04T11:01:00.215402,2025-04-04T12:48:00.215402,107,login,2025-04-04T11:28:00.215402,PC,AS,1.2,,,1.0,1.0,,win,1,0,1,1433,2135
Studio_4,SPG_1,SinglePlayerGame_1,singleplayer,d8f9b617-7f6c-42b7-b888-355741853840,player_58,2025-04-29T21:01:00.215513,2025-04-29T21:16:00.215513,15,match_end,2025-04-29T21:12:00.215513,Mobile,AF,1.1,5.0,3726.0,,,37.0,,0,0,0,3002,883
Studio_3,SPG_2,SinglePlayerGame_2,singleplayer,90fe14cd-bdd3-4ce7-b487-7907da4dbe01,player_94,2025-04-15T03:01:00.215572,2025-04-15T03:58:00.215572,57,match_start,2025-04-15T03:36:00.215572,Mobile,NA,1.2,42.0,5504.0,,,13.0,,1,1,0,382,4012
Studio_1,MPG_3,MultiPlayerGame_3,multiplayer,3fced60e-7909-46ee-adec-da1502577a95,player_44,2025-04-04T02:01:00.215642,2025-04-04T03:46:00.215642,105,match_end,2025-04-04T02:38:00.215642,Console,AF,1.1,,,13.0,26.0,,draw,0,1,1,2941,2088
Studio_5,MPG_2,MultiPlayerGame_2,multiplayer,af25b9c0-8c1e-4fea-bcab-e062f115e82d,player_92,2025-04-02T20:01:00.215709,2025-04-02T20:14:00.215709,13,match_end,2025-04-02T20:11:00.215709,Mobile,EU,1.2,,,27.0,14.0,,draw,1,1,0,768,2649
Studio_2,MPG_2,MultiPlayerGame_2,multiplayer,9e7a619b-d071-4d3d-9bc8-7021ca23eb85,player_52,2025-04-03T23:01:00.215786,2025-04-03T23:13:00.215786,12,match_end,2025-04-03T23:11:00.215786,Mobile,AS,1.2,,,7.0,2.0,,loss,1,1,0,2172,768
Studio_4,SPG_2,SinglePlayerGame_2,singleplayer,cb54cf5e-2dda-45e5-ba98-091a2128b9f3,player_10,2025-04-26T21:01:00.215861,2025-04-26T22:06:00.215861,65,purchase,2025-04-26T21:18:00.215861,Console,EU,1.0,26.0,9733.0,,,42.0,,1,0,0,2213,2165
Studio_5,SPG_3,SinglePlayerGame_3,singleplayer,9d81fe34-c9dd-4b8a-ad0c-a16cda7d0383,player_13,2025-04-19T18:01:00.215925,2025-04-19T19:36:00.215925,95,level_start,2025-04-19T19:33:00.215925,Console,AF,1.2,17.0,7320.0,,,13.0,,0,0,0,4845,4394
Studio_2,MPG_1,MultiPlayerGame_1,multiplayer,c805d3fd-27b9-49b9-a6dc-856ee6dafc3b,player_46,2025-04-19T15:01:00.216005,2025-04-19T15:33:00.216005,32,purchase,2025-04-19T15:33:00.216005,PC,EU,1.0,,,25.0,11.0,,draw,1,0,0,1708,221
Studio_5,SPG_3,SinglePlayerGame_3,singleplayer,2f3f4d19-a8a7-40d6-8395-fb7fdf7c6f6d,player_14,2025-04-28T22:01:00.216062,2025-04-28T23:08:00.216062,67,level_complete,2025-04-28T22:23:00.216062,Console,SA,1.0,1.0,3103.0,,,23.0,,1,1,1,3532,952
Studio_2,SPG_1,SinglePlayerGame_1,singleplayer,39390698-7554-4236-b2e4-18b6192012eb,player_61,2025-04-18T19:01:00.216119,2025-04-18T20:17:00.216119,76,logout,2025-04-18T19:04:00.216119,Mobile,AS,1.2,20.0,9287.0,,,23.0,,1,0,0,3661,2580
Studio_4,SPG_2,SinglePlayerGame_2,singleplayer,7d8f5ac2-9671-4dab-8c1a-e87d23866919,player_8,2025-04-01T09:01:00.216174,2025-04-01T09:08:00.216174,7,logout,2025-04-01T09:02:00.216174,Console,AS,1.0,28.0,5701.0,,,9.0,,0,1,1,282,2455
Studio_2,MPG_2,MultiPlayerGame_2,multiplayer,73084ab0-690b-4a11-b251-77373c309ff3,player_96,2025-04-04T12:01:00.216235,2025-04-04T13:42:00.216235,101,level_complete,2025-04-04T12:41:00.216235,Mobile,AS,1.0,,,25.0,23.0,,draw,1,1,0,1279,600
Studio_1,MPG_3,MultiPlayerGame_3,multiplayer,c509c78c-6b30-439f-8f74-1f1d362d4a49,player_61,2025-04-11T01:01:00.216294,2025-04-11T02:42:00.216294,101,purchase,2025-04-11T02:24:00.216294,Console,AS,1.2,,,21.0,11.0,,loss,0,1,0,3768,2392
Studio_5,MPG_5,MultiPlayerGame_5,multiplayer,7c1cab57-99db-4db4-8241-a7c219c247d7,player_100,2025-04-24T01:01:00.216350,2025-04-24T01:15:00.216350,14,match_end,2025-04-24T01:12:00.216350,Mobile,AS,1.1,,,25.0,14.0,,draw,1,1,1,3866,888
Studio_4,MPG_5,MultiPlayerGame_5,multiplayer,f908b887-4724-4223-8717-f242b57ede40,player_90,2025-04-19T14:01:00.216539,2025-04-19T16:01:00.216539,120,level_start,2025-04-19T15:26:00.216539,Mobile,AS,1.1,,,3.0,9.0,,draw,0,0,0,387,3171
Studio_5,SPG_5,SinglePlayerGame_5,singleplayer,611a369c-54d7-4740-895d-d27dbff2ce61,player_32,2025-04-02T21:01:00.216646,2025-04-02T22:36:00.216646,95,match_start,2025-04-02T22:33:00.216646,PC,AF,1.2,50.0,457.0,,,0.0,,0,0,1,3889,1900
Studio_2,SPG_3,SinglePlayerGame_3,singleplayer,a760613d-c9ad-4895-9eb7-e89eb1e0fdf8,player_53,2025-04-28T05:01:00.216832,2025-04-28T05:27:00.216832,26,logout,2025-04-28T05:25:00.216832,Mobile,AS,1.1,2.0,8490.0,,,3.0,,0,1,0,3293,2629
Studio_2,SPG_1,SinglePlayerGame_1,singleplayer,ae9abc16-9bed-420e-977e-95ebf35540e8,player_13,2025-04-04T21:01:00.216916,2025-04-04T21:52:00.216916,51,login,2025-04-04T21:31:00.216916,Mobile,SA,1.2,31.0,2638.0,,,8.0,,0,0,0,3840,2433
Studio_4,SPG_5,SinglePlayerGame_5,singleplayer,84f6fb03-c033-490e-86f5-eea685a0f301,player_46,2025-05-01T10:01:00.216976,2025-05-01T11:24:00.216976,83,match_end,2025-05-01T10:24:00.216976,Mobile,NA,1.0,9.0,1127.0,,,0.0,,1,1,0,2736,1932
Studio_2,SPG_5,SinglePlayerGame_5,singleplayer,6e3fe9ca-3021-4b05-b7d0-159f0408db6e,player_75,2025-04-17T00:01:00.217025,2025-04-17T00:33:00.217025,32,login,2025-04-17T00:05:00.217025,Mobile,AF,1.1,48.0,2147.0,,,27.0,,1,1,0,4276,2772
Studio_5,MPG_2,MultiPlayerGame_2,multiplayer,e325406e-420d-4df9-ba2d-bb14435de3c5,player_47,2025-04-30T02:01:00.217120,2025-04-30T02:56:00.217120,55,purchase,2025-04-30T02:14:00.217120,PC,AS,1.0,,,26.0,19.0,,draw,0,1,1,4916,3349
Studio_5,MPG_3,MultiPlayerGame_3,multiplayer,77b96dcd-4fac-4b63-98c4-2bccac74d1ec,player_8,2025-04-24T05:01:00.217191,2025-04-24T06:39:00.217191,98,level_complete,2025-04-24T06:24:00.217191,Console,AF,1.1,,,12.0,8.0,,win,0,0,1,2555,3716
Studio_1,SPG_4,SinglePlayerGame_4,singleplayer,6df79535-8397-4191-8078-6e520982d511,player_5,2025-04-11T10:01:00.217259,2025-04-11T10:43:00.217259,42,purchase,2025-04-11T10:12:00.217259,Console,AS,1.0,36.0,6961.0,,,13.0,,0,1,1,2684,2350
Studio_3,SPG_4,SinglePlayerGame_4,singleplayer,93537c2e-606c-4c93-8c86-96d77036cbf5,player_13,2025-03-31T22:01:00.217300,2025-03-31T22:44:00.217300,43,level_complete,2025-03-31T22:09:00.217300,PC,EU,1.1,6.0,68.0,,,23.0,,0,1,0,1940,4088
Studio_3,MPG_1,MultiPlayerGame_1,multiplayer,5ed2a890-299d-4618-877d-85c7fcabd307,player_88,2025-04-06T00:01:00.217350,2025-04-06T01:35:00.217350,94,level_complete,2025-04-06T00:03:00.217350,Console,EU,1.0,,,17.0,26.0,,loss,0,0,1,4686,3085
Studio_4,MPG_1,MultiPlayerGame_1,multiplayer,4aabd5ba-be69-4bb5-afea-f12ba26337fa,player_82,2025-04-16T13:01:00.217391,2025-04-16T14:39:00.217391,98,level_start,2025-04-16T13:14:00.217391,PC,SA,1.0,,,16.0,12.0,,draw,0,1,1,3329,2135
Studio_4,SPG_2,SinglePlayerGame_2,singleplayer,dfa57e25-8ceb-4101-a36a-a3bed031d4d0,player_24,2025-04-16T19:01:00.217433,2025-04-16T20:10:00.217433,69,logout,2025-04-16T19:21:00.217433,PC,NA,1.1,28.0,7285.0,,,29.0,,0,1,1,870,103
Studio_5,SPG_2,SinglePlayerGame_2,singleplayer,4c462e9b-ceb9-463a-8df4-30cbba8cb0e0,player_58,2025-04-05T04:01:00.217605,2025-04-05T04:31:00.217605,30,logout,2025-04-05T04:10:00.217605,Mobile,AF,1.1,23.0,2014.0,,,19.0,,0,0,1,2523,201
Studio_2,MPG_5,MultiPlayerGame_5,multiplayer,2201299f-9612-4aed-921e-5dbbbc96d298,player_8,2025-04-02T02:01:00.217702,2025-04-02T03:07:00.217702,66,purchase,2025-04-02T03:07:00.217702,Console,AS,1.0,,,10.0,27.0,,loss,1,1,1,1019,4423
Studio_2,SPG_5,SinglePlayerGame_5,singleplayer,54830636-4097-4dee-8d54-5c4e12e502e6,player_80,2025-04-11T05:01:00.217769,2025-04-11T06:52:00.217769,111,purchase,2025-04-11T06:27:00.217769,Console,EU,1.0,8.0,9252.0,,,14.0,,1,0,1,1709,275
Studio_1,SPG_2,SinglePlayerGame_2,singleplayer,41ae80fa-44cc-4b10-916c-18d413eb6b59,player_76,2025-04-17T18:01:00.217850,2025-04-17T19:32:00.217850,91,match_end,2025-04-17T19:05:00.217850,PC,SA,1.0,33.0,5111.0,,,20.0,,0,0,1,1689,2922
Studio_3,SPG_3,SinglePlayerGame_3,singleplayer,03814fe6-760a-49fe-8883-1e7883d43a50,player_13,2025-04-06T18:01:00.217929,2025-04-06T18:31:00.217929,30,logout,2025-04-06T18:08:00.217929,Mobile,EU,1.2,18.0,5472.0,,,35.0,,0,0,0,4263,109
Studio_3,MPG_1,MultiPlayerGame_1,multiplayer,b946790b-681e-4ee4-9eef-4b8563e6c51d,player_94,2025-04-17T15:01:00.218010,2025-04-17T15:44:00.218010,43,login,2025-04-17T15:28:00.218010,PC,SA,1.0,,,23.0,3.0,,loss,1,0,1,3953,1169
Studio_2,SPG_5,SinglePlayerGame_5,singleplayer,e58f3e48-36c2-4a59-8200-081ef057fffc,player_50,2025-04-24T15:01:00.218049,2025-04-24T15:17:00.218049,16,login,2025-04-24T15:07:00.218049,Console,EU,1.0,10.0,7162.0,,,33.0,,0,1,0,3776,1275
Studio_1,MPG_4,MultiPlayerGame_4,multiplayer,b77f5ace-4a86-45b7-8ac9-b7394638c5bc,player_4,2025-04-02T03:01:00.218086,2025-04-02T03:32:00.218086,31,match_end,2025-04-02T03:24:00.218086,Mobile,EU,1.0,,,8.0,5.0,,loss,0,0,0,930,3767
Studio_2,MPG_4,MultiPlayerGame_4,multiplayer,c04adcb6-7a7a-402c-9b4e-523818c39fa7,player_58,2025-04-23T02:01:00.218126,2025-04-23T03:29:00.218126,88,login,2025-04-23T02:44:00.218126,Console,AF,1.1,,,25.0,17.0,,draw,1,1,0,272,513
Studio_2,MPG_5,MultiPlayerGame_5,multiplayer,d52ea421-cf90-431d-a826-2b47653f9962,player_53,2025-04-05T20:01:00.218207,2025-04-05T20:18:00.218207,17,match_end,2025-04-05T20:01:00.218207,Console,NA,1.2,,,13.0,20.0,,win,1,1,0,541,2075
Studio_3,MPG_1,MultiPlayerGame_1,multiplayer,9515ba69-a2aa-41d0-a227-55bb766dddd0,player_96,2025-04-29T04:01:00.218268,2025-04-29T05:20:00.218268,79,level_start,2025-04-29T05:03:00.218268,Mobile,SA,1.1,,,26.0,24.0,,draw,1,0,0,2606,2834
Studio_2,MPG_3,MultiPlayerGame_3,multiplayer,c723ef67-d215-4519-8ca4-bd2002d3b404,player_68,2025-04-24T15:01:00.218340,2025-04-24T16:12:00.218340,71,match_end,2025-04-24T15:26:00.218340,Mobile,AS,1.1,,,3.0,16.0,,loss,1,0,0,133,4407
Studio_3,SPG_5,SinglePlayerGame_5,singleplayer,b9e0a0df-52c0-4dbd-804e-ef2c6bb8311b,player_43,2025-04-03T11:01:00.218388,2025-04-03T12:04:00.218388,63,level_start,2025-04-03T12:02:00.218388,PC,NA,1.2,38.0,4840.0,,,36.0,,0,1,0,419,2329
Studio_2,MPG_3,MultiPlayerGame_3,multiplayer,75b86b7a-424a-40ed-a654-3739d35d067c,player_35,2025-04-23T05:01:00.218425,2025-04-23T06:44:00.218425,103,match_start,2025-04-23T06:13:00.218425,Console,EU,1.0,,,21.0,12.0,,win,1,0,1,2587,3856
Studio_3,MPG_5,MultiPlayerGame_5,multiplayer,52866cf5-7da1-4e10-aa9f-25fe3b1a348a,player_6,2025-04-09T21:01:00.218473,2025-04-09T21:41:00.218473,40,level_start,2025-04-09T21:22:00.218473,Mobile,AF,1.1,,,1.0,7.0,,win,0,0,0,4400,1427
Studio_1,MPG_3,MultiPlayerGame_3,multiplayer,4f744233-6b26-4c01-9324-05daf68f7d2c,player_97,2025-04-29T06:01:00.218517,2025-04-29T06:28:00.218517,27,level_start,2025-04-29T06:28:00.218517,Console,SA,1.2,,,5.0,5.0,,win,1,1,1,215,2913
Studio_5,MPG_3,MultiPlayerGame_3,multiplayer,7529a518-8b43-4aa7-ac6b-de53a8936d1c,player_53,2025-04-17T16:01:00.218576,2025-04-17T16:47:00.218576,46,login,2025-04-17T16:16:00.218576,PC,NA,1.1,,,4.0,9.0,,draw,0,0,0,2770,3597
Studio_2,MPG_1,MultiPlayerGame_1,multiplayer,aafad5c6-36be-403a-b43b-5de837ee11b5,player_75,2025-04-15T00:01:00.218657,2025-04-15T01:14:00.218657,73,level_complete,2025-04-15T00:08:00.218657,Console,NA,1.2,,,3.0,11.0,,draw,0,1,1,3895,4047
Studio_5,SPG_5,SinglePlayerGame_5,singleplayer,a0e467e9-c281-4c13-bc7f-d193d0235e05,player_14,2025-04-08T16:01:00.218697,2025-04-08T17:06:00.218697,65,level_complete,2025-04-08T17:06:00.218697,Mobile,EU,1.1,38.0,1717.0,,,47.0,,1,0,1,4134,2021
Studio_4,MPG_4,MultiPlayerGame_4,multiplayer,f107b1d2-8685-4278-9443-d1b621fd87aa,player_37,2025-04-25T02:01:00.218737,2025-04-25T03:20:00.218737,79,purchase,2025-04-25T02:21:00.218737,Mobile,SA,1.1,,,28.0,26.0,,loss,0,0,0,4445,2320
Studio_2,SPG_1,SinglePlayerGame_1,singleplayer,b75a1260-6107-4128-ad86-248e4775918a,player_33,2025-04-09T12:01:00.218781,2025-04-09T13:39:00.218781,98,logout,2025-04-09T13:00:00.218781,Mobile,SA,1.1,45.0,375.0,,,30.0,,1,0,0,3703,1288
Studio_4,SPG_5,SinglePlayerGame_5,singleplayer,b5cd7710-208e-48fe-8025-e979bc23f207,player_35,2025-04-06T18:01:00.218830,2025-04-06T19:57:00.218830,116,level_complete,2025-04-06T19:53:00.218830,Console,NA,1.1,35.0,3641.0,,,38.0,,1,1,1,2713,947
Studio_3,MPG_4,MultiPlayerGame_4,multiplayer,8257cc8c-d7a3-401d-a4ce-f5d09e5b4281,player_42,2025-04-22T20:01:00.219043,2025-04-22T22:01:00.219043,120,login,2025-04-22T21:05:00.219043,Mobile,SA,1.2,,,16.0,27.0,,win,1,0,0,64,1255
Studio_3,SPG_4,SinglePlayerGame_4,singleplayer,6e8fbf97-80cc-467b-9dd2-2a47614fa2f4,player_4,2025-04-06T12:01:00.219125,2025-04-06T13:02:00.219125,61,match_end,2025-04-06T12:51:00.219125,Mobile,AF,1.2,26.0,5876.0,,,37.0,,0,1,0,2716,2004
Studio_1,SPG_5,SinglePlayerGame_5,singleplayer,e38e9023-e3e2-4c06-87cc-b0a208117e93,player_40,2025-04-14T13:01:00.219337,2025-04-14T13:35:00.219337,34,level_complete,2025-04-14T13:12:00.219337,Mobile,SA,1.2,13.0,6310.0,,,20.0,,0,0,1,1191,72
Studio_3,SPG_1,SinglePlayerGame_1,singleplayer,ebf293f0-7795-4e06-807b-54d75d72fdc7,player_6,2025-04-22T11:01:00.219400,2025-04-22T11:27:00.219400,26,match_end,2025-04-22T11:11:00.219400,PC,SA,1.1,31.0,7137.0,,,11.0,,1,1,1,1366,4551
Studio_5,MPG_3,MultiPlayerGame_3,multiplayer,ef0d00c5-a6c8-480b-8ea9-f54c74417441,player_1,2025-04-20T17:01:00.219440,2025-04-20T18:38:00.219440,97,match_start,2025-04-20T18:28:00.219440,Mobile,NA,1.0,,,21.0,6.0,,loss,1,0,1,2438,5
Studio_2,MPG_4,MultiPlayerGame_4,multiplayer,798ea55e-1a69-41ea-ad7b-4c2cddb54f8e,player_92,2025-04-18T09:01:00.219505,2025-04-18T09:30:00.219505,29,level_start,2025-04-18T09:14:00.219505,Console,EU,1.1,,,7.0,18.0,,draw,1,0,1,2956,3212
Studio_4,MPG_3,MultiPlayerGame_3,multiplayer,f2a1587f-7a24-4791-961b-42ef6740039a,player_13,2025-04-23T21:01:00.219553,2025-04-23T23:01:00.219553,120,purchase,2025-04-23T22:23:00.219553,Mobile,NA,1.2,,,22.0,5.0,,win,1,0,0,3742,3355
Studio_5,MPG_2,MultiPlayerGame_2,multiplayer,b2f47967-fce0-406b-9df9-00d786464d7f,player_23,2025-04-15T12:01:00.219600,2025-04-15T12:13:00.219600,12,login,2025-04-15T12:10:00.219600,PC,AS,1.2,,,4.0,22.0,,win,1,0,0,1840,1213
Studio_2,SPG_5,SinglePlayerGame_5,singleplayer,c99a6ddc-dad0-42af-bd68-c8b972bb2bf8,player_67,2025-04-29T13:01:00.219639,2025-04-29T13:28:00.219639,27,match_end,2025-04-29T13:26:00.219639,Mobile,AF,1.2,29.0,6775.0,,,50.0,,0,1,0,975,2955
Studio_1,MPG_4,MultiPlayerGame_4,multiplayer,d911fefc-6e2a-4f92-91cd-cdd480634192,player_6,2025-04-23T10:01:00.219790,2025-04-23T11:38:00.219790,97,level_complete,2025-04-23T11:16:00.219790,PC,NA,1.0,,,13.0,23.0,,draw,0,1,1,958,1638
Studio_4,SPG_4,SinglePlayerGame_4,singleplayer,f5418091-569a-41a2-a5fb-361880986860,player_33,2025-04-15T08:01:00.219880,2025-04-15T09:02:00.219880,61,match_end,2025-04-15T08:39:00.219880,Console,NA,1.1,6.0,7920.0,,,28.0,,0,0,1,2678,2027
Studio_4,MPG_2,MultiPlayerGame_2,multiplayer,abcd4445-414f-435c-be45-6878052e5916,player_29,2025-04-16T14:01:00.219924,2025-04-16T14:15:00.219924,14,logout,2025-04-16T14:01:00.219924,Console,SA,1.2,,,13.0,7.0,,draw,0,1,1,4713,1633
Studio_3,SPG_1,SinglePlayerGame_1,singleplayer,524c7289-23ef-4e58-862a-ba6cd3037671,player_55,2025-04-09T03:01:00.219972,2025-04-09T03:30:00.219972,29,match_start,2025-04-09T03:26:00.219972,Mobile,AF,1.0,33.0,8475.0,,,2.0,,1,0,1,2957,1316
Studio_3,SPG_2,SinglePlayerGame_2,singleplayer,2ff31d30-5a19-4c74-8fcc-c082f33c04bf,player_9,2025-04-17T08:01:00.220035,2025-04-17T08:40:00.220035,39,level_complete,2025-04-17T08:05:00.220035,Mobile,SA,1.2,17.0,3203.0,,,21.0,,1,0,1,3810,4208
Studio_2,MPG_1,MultiPlayerGame_1,multiplayer,1fac2b89-d969-4cb2-bff9-4155faa128de,player_81,2025-04-28T04:01:00.220080,2025-04-28T05:33:00.220080,92,purchase,2025-04-28T04:50:00.220080,PC,SA,1.0,,,18.0,23.0,,win,1,0,1,2754,1559
Studio_1,SPG_2,SinglePlayerGame_2,singleplayer,4a12794f-bb52-4d90-8da0-ef3c3becdc03,player_65,2025-04-17T14:01:00.220125,2025-04-17T16:01:00.220125,120,level_start,2025-04-17T14:21:00.220125,Console,AS,1.1,32.0,7187.0,,,9.0,,0,0,1,2377,4761
Studio_3,SPG_5,SinglePlayerGame_5,singleplayer,af36d07b-0c71-43d7-8de8-b49901e2d75a,player_88,2025-04-17T06:01:00.220174,2025-04-17T06:32:00.220174,31,purchase,2025-04-17T06:31:00.220174,Console,AS,1.2,44.0,781.0,,,14.0,,1,1,0,4122,1775
Studio_2,MPG_4,MultiPlayerGame_4,multiplayer,ed547fec-f4f5-4a1b-8cad-9f18ddf277ec,player_61,2025-04-11T13:01:00.220214,2025-04-11T14:32:00.220214,91,match_end,2025-04-11T13:18:00.220214,Mobile,SA,1.1,,,4.0,24.0,,draw,0,0,0,2181,4162
Studio_3,MPG_5,MultiPlayerGame_5,multiplayer,92485620-0ab4-4a22-ac61-ccbc95f4fc8e,player_48,2025-04-29T06:01:00.220250,2025-04-29T06:53:00.220250,52,level_start,2025-04-29T06:02:00.220250,PC,AF,1.2,,,19.0,22.0,,loss,1,0,0,1763,4063
Studio_1,MPG_2,MultiPlayerGame_2,multiplayer,a1a838aa-254f-4969-a694-65474eb7e4cb,player_35,2025-04-02T15:01:00.220286,2025-04-02T15:50:00.220286,49,logout,2025-04-02T15:15:00.220286,Console,NA,1.2,,,25.0,16.0,,draw,0,0,1,392,2715
Studio_2,MPG_2,MultiPlayerGame_2,multiplayer,0cf2bed5-2762-4dfe-92d4-0fd3a86099b2,player_45,2025-04-07T10:01:00.220323,2025-04-07T10:22:00.220323,21,purchase,2025-04-07T10:15:00.220323,PC,EU,1.2,,,5.0,12.0,,win,1,1,0,2713,2175
Studio_4,MPG_1,MultiPlayerGame_1,multiplayer,999edf74-d25e-43a3-b503-3abdf2a81cdb,player_93,2025-04-05T03:01:00.220385,2025-04-05T04:21:00.220385,80,logout,2025-04-05T03:34:00.220385,Console,AF,1.1,,,9.0,16.0,,draw,1,1,0,2406,1886
Studio_1,MPG_4,MultiPlayerGame_4,multiplayer,93a6f2fc-9c7c-4c2f-be25-aff5a00e49ac,player_74,2025-04-26T15:01:00.220520,2025-04-26T16:06:00.220520,65,purchase,2025-04-26T15:05:00.220520,Console,AS,1.0,,,3.0,4.0,,draw,0,0,0,4999,1027
Studio_2,SPG_5,SinglePlayerGame_5,singleplayer,19d95a75-9ca0-443e-8ed2-24e895879ffb,player_95,2025-04-26T23:01:00.220619,2025-04-27T00:14:00.220619,73,login,2025-04-26T23:32:00.220619,Console,AF,1.1,10.0,9955.0,,,14.0,,1,0,1,139,1847
Studio_4,SPG_3,SinglePlayerGame_3,singleplayer,a89d648c-ae55-48ae-a797-00eae281e38a,player_39,2025-04-05T07:01:00.220724,2025-04-05T08:31:00.220724,90,match_end,2025-04-05T08:19:00.220724,PC,AS,1.1,7.0,5092.0,,,39.0,,1,0,0,3705,290
Studio_2,MPG_5,MultiPlayerGame_5,multiplayer,3c4895f1-761f-412b-9a7c-b661d80ecaca,player_93,2025-04-09T01:01:00.220861,2025-04-09T02:02:00.220861,61,purchase,2025-04-09T01:55:00.220861,Mobile,AF,1.2,,,29.0,11.0,,loss,0,0,0,799,2288
Studio_3,SPG_5,SinglePlayerGame_5,singleplayer,208ecb39-ea62-4f54-aafd-4325eb2f5b84,player_26,2025-04-03T20:01:00.220950,2025-04-03T22:01:00.220950,120,login,2025-04-03T21:40:00.220950,Mobile,SA,1.1,42.0,4191.0,,,25.0,,0,0,0,519,1121
Studio_4,SPG_1,SinglePlayerGame_1,singleplayer,5f159c65-e064-498f-9d44-1fcd084aad70,player_67,2025-04-24T01:01:00.220993,2025-04-24T02:25:00.220993,84,login,2025-04-24T01:54:00.220993,PC,EU,1.0,42.0,3284.0,,,15.0,,1,1,1,2955,4307
Studio_3,MPG_5,MultiPlayerGame_5,multiplayer,bedd8d6f-38ec-4b80-baee-a5bb86370e17,player_92,2025-04-02T17:01:00.221033,2025-04-02T17:34:00.221033,33,level_complete,2025-04-02T17:31:00.221033,PC,AF,1.0,,,19.0,20.0,,win,0,1,0,215,2182
Studio_1,MPG_2,MultiPlayerGame_2,multiplayer,416a3a5e-e74c-41b5-a436-9892f3e5b167,player_16,2025-04-20T19:01:00.221107,2025-04-20T19:56:00.221107,55,purchase,2025-04-20T19:51:00.221107,PC,SA,1.0,,,13.0,25.0,,win,0,1,0,2389,3855
Studio_2,MPG_3,MultiPlayerGame_3,multiplayer,3d75b591-da91-4b17-a10a-81ed1e62060f,player_39,2025-04-17T12:01:00.221147,2025-04-17T12:14:00.221147,13,level_complete,2025-04-17T12:06:00.221147,PC,NA,1.1,,,26.0,20.0,,win,0,0,1,545,3997
Studio_1,MPG_4,MultiPlayerGame_4,multiplayer,37a64efc-d3a7-43c6-bb9a-2e811f03ed48,player_13,2025-04-20T02:01:00.221192,2025-04-20T02:57:00.221192,56,level_start,2025-04-20T02:33:00.221192,Console,AS,1.1,,,14.0,6.0,,win,1,1,1,370,1790
Studio_3,MPG_4,MultiPlayerGame_4,multiplayer,2815af38-efe1-4bbe-a163-f934a7fe9fd8,player_38,2025-04-19T06:01:00.221233,2025-04-19T07:02:00.221233,61,match_end,2025-04-19T06:59:00.221233,Mobile,NA,1.0,,,21.0,25.0,,win,1,1,1,4227,1015
Studio_2,SPG_2,SinglePlayerGame_2,singleplayer,52f98bc5-9530-433e-9062-ea55142abdb3,player_74,2025-04-16T06:01:00.221282,2025-04-16T07:47:00.221282,106,login,2025-04-16T06:44:00.221282,PC,SA,1.2,12.0,932.0,,,30.0,,0,1,0,956,3611
Studio_5,MPG_5,MultiPlayerGame_5,multiplayer,012a4520-7fa5-4f4b-9d00-371c159589cd,player_60,2025-04-28T03:01:00.221328,2025-04-28T04:53:00.221328,112,level_complete,2025-04-28T04:48:00.221328,Console,AS,1.0,,,22.0,23.0,,loss,1,1,1,4665,4402
Studio_1,SPG_2,SinglePlayerGame_2,singleplayer,f756a49a-7760-4a34-81af-f97167db1c7c,player_79,2025-04-12T09:01:00.221364,2025-04-12T10:56:00.221364,115,match_start,2025-04-12T10:56:00.221364,Console,AS,1.0,41.0,9407.0,,,38.0,,0,1,0,2824,2807
Studio_3,SPG_5,SinglePlayerGame_5,singleplayer,1d51121b-541f-478f-b9b3-cf68ba2224bd,player_87,2025-04-29T15:01:00.221400,2025-04-29T16:08:00.221400,67,match_end,2025-04-29T15:58:00.221400,Mobile,AS,1.1,2.0,7510.0,,,36.0,,1,0,1,3687,558
Studio_5,MPG_2,MultiPlayerGame_2,multiplayer,619721c2-68e0-45cc-8959-85e5da544c13,player_41,2025-04-28T17:01:00.221448,2025-04-28T17:22:00.221448,21,level_start,2025-04-28T17:18:00.221448,Mobile,AS,1.0,,,16.0,20.0,,loss,0,1,1,3159,4899
Studio_4,SPG_5,SinglePlayerGame_5,singleplayer,c4aa85b7-ae95-46ab-bf75-b912e167bd8f,player_34,2025-04-30T07:01:00.221496,2025-04-30T07:34:00.221496,33,login,2025-04-30T07:16:00.221496,Mobile,AS,1.1,2.0,7011.0,,,42.0,,0,1,1,4741,3480
Studio_1,MPG_2,MultiPlayerGame_2,multiplayer,0a01962f-ba3f-42cb-8869-1e7d342dcb70,player_69,2025-04-02T23:01:00.221534,2025-04-03T00:27:00.221534,86,match_end,2025-04-02T23:27:00.221534,PC,AF,1.0,,,11.0,1.0,,win,0,0,1,3760,2365
Studio_1,MPG_2,MultiPlayerGame_2,multiplayer,28a59e03-7754-4fce-b9b1-198fac2e75e8,player_6,2025-04-05T20:01:00.221572,2025-04-05T21:31:00.221572,90,level_start,2025-04-05T20:10:00.221572,Mobile,AF,1.0,,,7.0,6.0,,win,0,1,0,2964,288
Studio_3,MPG_3,MultiPlayerGame_3,multiplayer,6714fb54-ab71-49fa-8c1e-847290ba8cef,player_61,2025-04-25T12:01:00.221614,2025-04-25T12:46:00.221614,45,level_start,2025-04-25T12:02:00.221614,PC,SA,1.0,,,4.0,15.0,,win,1,1,0,3100,2866
Studio_2,SPG_1,SinglePlayerGame_1,singleplayer,f91dd56e-7f92-478a-9e98-2e0607e2d2f7,player_59,2025-04-22T10:01:00.221658,2025-04-22T11:07:00.221658,66,match_end,2025-04-22T10:26:00.221658,Mobile,NA,1.2,4.0,8381.0,,,34.0,,1,0,0,4294,2674
Studio_4,SPG_3,SinglePlayerGame_3,singleplayer,03fc73c3-27b3-4efc-8b18-51a04eebaa9c,player_33,2025-04-05T02:01:00.221706,2025-04-05T03:29:00.221706,88,logout,2025-04-05T02:27:00.221706,Mobile,EU,1.0,40.0,5533.0,,,36.0,,0,1,0,2002,4438
Studio_4,MPG_3,MultiPlayerGame_3,multiplayer,55cc8755-0914-4a23-8e79-103f4a2ccae3,player_94,2025-04-17T13:01:00.221745,2025-04-17T13:13:00.221745,12,match_start,2025-04-17T13:08:00.221745,Console,SA,1.0,,,25.0,16.0,,draw,1,0,0,518,3660
Studio_5,MPG_2,MultiPlayerGame_2,multiplayer,72bbab2e-e41b-41a7-a2d6-3ee5c31e6c7d,player_4,2025-04-29T11:01:00.221784,2025-04-29T11:49:00.221784,48,logout,2025-04-29T11:30:00.221784,PC,EU,1.2,,,21.0,25.0,,win,1,1,0,4732,2013
Studio_2,SPG_2,SinglePlayerGame_2,singleplayer,8ecefb9f-f830-4e85-8243-6861f3bd4244,player_36,2025-04-17T10:01:00.221835,2025-04-17T10:19:00.221835,18,match_end,2025-04-17T10:05:00.221835,Mobile,SA,1.0,4.0,1500.0,,,15.0,,1,0,1,3470,2702
Studio_1,MPG_4,MultiPlayerGame_4,multiplayer,9776188e-a907-48ef-96ed-f6045aee1b1c,player_65,2025-04-25T21:01:00.221891,2025-04-25T22:09:00.221891,68,level_complete,2025-04-25T21:22:00.221891,Console,SA,1.1,,,3.0,28.0,,loss,0,0,1,4884,1331
Studio_2,MPG_3,MultiPlayerGame_3,multiplayer,47d218f0-2961-4606-abdf-960c4e325580,player_50,2025-04-29T06:01:00.222021,2025-04-29T07:41:00.222021,100,level_start,2025-04-29T07:35:00.222021,Mobile,NA,1.1,,,15.0,18.0,,win,1,0,1,4217,1401
Studio_5,SPG_4,SinglePlayerGame_4,singleplayer,e080a82e-05a3-4b22-b342-170bedc2c6d5,player_48,2025-04-13T01:01:00.222170,2025-04-13T02:05:00.222170,64,match_end,2025-04-13T01:01:00.222170,Console,NA,1.0,48.0,6047.0,,,29.0,,0,1,1,1179,511
